-- MySQL dump 10.13  Distrib 5.5.44, for osx10.8 (i386)
--
-- Host: 127.0.0.1    Database: game_share
-- ------------------------------------------------------
-- Server version	5.5.44

/*!40101 SET @OLD_CHARACTER_SET_CLIENT=@@CHARACTER_SET_CLIENT */;
/*!40101 SET @OLD_CHARACTER_SET_RESULTS=@@CHARACTER_SET_RESULTS */;
/*!40101 SET @OLD_COLLATION_CONNECTION=@@COLLATION_CONNECTION */;
/*!40101 SET NAMES utf8 */;
/*!40103 SET @OLD_TIME_ZONE=@@TIME_ZONE */;
/*!40103 SET TIME_ZONE='+00:00' */;
/*!40014 SET @OLD_UNIQUE_CHECKS=@@UNIQUE_CHECKS, UNIQUE_CHECKS=0 */;
/*!40014 SET @OLD_FOREIGN_KEY_CHECKS=@@FOREIGN_KEY_CHECKS, FOREIGN_KEY_CHECKS=0 */;
/*!40101 SET @OLD_SQL_MODE=@@SQL_MODE, SQL_MODE='NO_AUTO_VALUE_ON_ZERO' */;
/*!40111 SET @OLD_SQL_NOTES=@@SQL_NOTES, SQL_NOTES=0 */;

--
-- Table structure for table `t_article`
--

DROP TABLE IF EXISTS `t_article`;
/*!40101 SET @saved_cs_client     = @@character_set_client */;
/*!40101 SET character_set_client = utf8 */;
CREATE TABLE `t_article` (
  `a_id` int(11) NOT NULL AUTO_INCREMENT,
  `title` varchar(255) DEFAULT NULL COMMENT '文章标题',
  `content` text COMMENT '文章内容',
  `is_deleted` int(1) DEFAULT NULL COMMENT '逻辑删除，1：删除，0：保留',
  `is_checked` int(1) DEFAULT '2' COMMENT '文章审核状态，1：通过，0：未通过，2：审核中',
  `gmt_create` datetime DEFAULT NULL COMMENT '创建时间',
  `gmt_modified` datetime DEFAULT NULL COMMENT '修改时间',
  `user_id` int(11) DEFAULT NULL COMMENT '外键关联用户表主键，表明文章是谁发布的',
  PRIMARY KEY (`a_id`),
  KEY `t_article_t_user_u_id_fk` (`user_id`),
  CONSTRAINT `t_article_t_user_u_id_fk` FOREIGN KEY (`user_id`) REFERENCES `t_user` (`u_id`)
) ENGINE=InnoDB AUTO_INCREMENT=34 DEFAULT CHARSET=utf8 COMMENT='游戏测评文章表';
/*!40101 SET character_set_client = @saved_cs_client */;

--
-- Dumping data for table `t_article`
--

/*!40000 ALTER TABLE `t_article` DISABLE KEYS */;
INSERT INTO `t_article` (`a_id`, `title`, `content`, `is_deleted`, `is_checked`, `gmt_create`, `gmt_modified`, `user_id`) VALUES (1,'文章1','',0,0,'2022-03-03 20:19:43','2022-03-13 14:21:22',2),(2,'银河战士:萨姆斯归来 - 测评','这种感觉对《银河战士》系列的的粉丝们来说是很熟悉的，在《银河战士：萨姆斯归来》中，你会在一个如同地下洞穴的迷宫中探索，这座迷宫中的所有道路都是互通的，这就导致了游戏中没有死路的存在。在探索的过程中，萨姆斯（Samus）的武器和能力都会渐渐提升，大部分是重复模组与增强光炮。有了这些升级，游戏会允许你去到之前无法进入的地区，打开特殊的门或者变成球体进入隐藏通道，跳过一些障碍。最终，那些之前无法到达的区域也会发现是有开启方法的——这是一种令人满意的感觉，这也成为了这类型游戏地图设计的基础（从《恶魔城（Castlevania）》到《洞窟物语（Cave Story）》）。就像之前那些最棒的《银河战士》游戏一样，在这部游戏里并不会出现其他角色，也没有对话。只有一位女士，一只能量炮以及赏金。故事中避免了增加新的赏金猎人，联邦舰队的成员和父亲的数据。如果在故事中加入这些元素，只会伤害到那些优秀的《银河战士》系列游戏。',0,1,'2022-03-01 18:11:36','2022-03-03 20:39:56',5),(3,'黑暗之魂3：薪火消逝版','我真的太喜欢这个游戏了，这游戏并不歧视手残，只是需要你的心态，冷静冷静，然后挑战自己。 在死了100次之后第101次尝试击杀无名王者，boss低血量反杀我已经四五次了，这次在他剩最后1%血的时候我的手开始抖了，能听见自己心跳，这种感觉棒极了',0,1,'2022-03-01 18:11:38','2022-03-26 16:28:29',4),(4,'《恶魔城X历代记测评》','2D的恶魔城有两种风格，一种是清版过关的硬派动作风格，另一种是自恶魔城X月下夜想曲开始正式确立的RPG化的探索类风格。而恶魔城X历代记，属于前者在向后者过渡时出现的一个产物。\r\n先讲一下历史= =。。\r\n93年，KONAMI在PCE上推出了一款经典游戏 恶魔城X血之轮回。游戏素质在当时来讲非常高，画面的表现完全超出了8位机的水准，音乐也在CD载体大容量的支持下空前华丽，游戏性方面也有相当的革新和长足的进步。\r\n但是由于PCE平台的问题，导致这款游戏的知名度并不是很高，因为游戏只有日版，所以欧美玩家甚至没有听说过这款游戏。\r\n而后，或许是KONAMI方面不甘心如此名作被埋没，也或许是其他什么原因，这款游戏又在SFC平台上推出了重制版，这也就是SFC上的恶魔城XX。但是这个重制版和原作比起来进行了大幅删减，而且难度奇大无比，并拥有整个恶魔城系列设计最奇葩，最匪夷所思的最终BOSS战，所以评价并不是很高。\r\n一晃又过了几年，不知出于什么契机，KONAMI又一次把这款游戏搬了出来，这次是移植到了PSP平台，游戏与PCE原作流程基本一致，但是画面完全3D化，音乐也全部重置，增添了许多新要素同时还附赠了包括X月下夜想曲 原版X血之轮回等经典游戏，这就是LZ你提到的X历代记。\r\n所以，X历代记在发售当时来讲，并不是一款全新的恶魔城游戏，而是重置版。游戏的玩法设定也与93年的血轮一致。',0,1,'2022-03-01 13:01:49','2022-03-05 15:59:19',3),(5,'《战神 - 斯巴达幽灵》游戏评测','原定于11月2日发售的《战神：斯巴达幽灵》竟然在今日偷跑，着实让广大玩家又惊又喜。奎爷是《战神》系列的主角 希腊神话中其实并无此人物 奎爷是一个武艺超群勇贯三军的征服者。前作《战神：奥林匹斯之链》在08年登陆psp平台时就获得了玩家的广泛好评，更被业内人士称之为“将psp机能发挥到极致的佳作”。一时间，奎爷的大名也为众多P友所熟知。而游戏的开发商Ready At Dawn Studios和Santa Monica Studio更是凭借此作名声大噪。时隔两年，新作《战神：斯巴达幽灵》卷土重来，相信定能再度燃起玩家们沉寂已久的战斗之魂!拿起你的小P，与奎爷一起并肩作战吧!  　　故事简介：  　　《战神：斯巴达幽灵》讲述的是奎爷(奎托斯)还只是个普通人时的故事。从某种意义上讲可以算是战神系列的起源。奎托斯为何要向奥林匹斯的众神提出挑战?他到底拥有着怎样的过去?身上的纹身又是从何而来?在本作中，这些所有问题的答案都将由玩家亲自揭晓。  　　画面：  　　说到如何形容战神的画面，黑崎想到的第一个词便是惊艳。《战神》系列历来是以王道一般史诗的画面笑傲江湖。那么这作的画质到底到什么程度，相信玩过前作的玩家心里都有数。而本作的画面较前作基本是属于一个等级的，微微的上升那是必须的。背景的解析度提高，宏大的场景地图，更细致的贴图带给玩家的是更加激动人心游戏体验。在游戏场景的设计上，看得出制作商下了相当大的功夫。大到雄伟恢弘的宫殿，小到雕像，器皿等物件的摆设，玩家都可以将其细节一览无余。无论是惊涛起伏的海面，还是岩浆流动的地下宫殿，甚至瀑布，地板，壁画等都绘制得栩栩如生，足见Ready At Dawn Studios和Santa Monica Studio的制作功力。不过画面上有提高那就得有牺牲，当屏幕背景相对细致复杂，怪物相对较多时，偶尔会出现有卡帧掉帧现象，游戏整体的流畅性也因此受到了影响。另外本作对地图的利用程度远远不如前几作来的多，地图的扩大，也就是跑一边就过，塞满的容量也就可以理解了。',0,1,'2022-03-02 22:58:00','2022-03-02 22:58:00',1),(6,'PSP《战神 奥林匹斯之链》综合评测','说到流程，这次流程确实很短，据说只有5小时左右即可通关。不过想必关心流程长短的人并不多吧，大家只要关心流程中的战斗是多么爽快、BOSS战是多么激烈、剧情是多么精彩，那就足够了！     3D游戏容易出现的视角问题在本作中（到目前为止）基本没有出现过，而之前关于游戏会死机的传闻也不攻自破。由此带来的效果是，游戏进行得相当流畅。战斗部分和解谜部分结合得很自然，不会有战斗疲劳的情况出现。不过，就是因为太流畅了，让人不禁担心起二周目以后，因为对游戏流程很熟悉了，会不会耐玩度有所下降……     本评测到这里就该结束了，更多的细节要留给玩家你自己去游戏中挖掘。作为万众瞩目的大作，本作实在是PSP玩家不可不玩的一款优秀作品。爽快的战斗，精彩的剧情，华丽的画面，丰富的隐藏要素，这些足以让任何一个动作游戏爱好者沉迷其中无法自拔。还在等什么呢？赶紧与奎托斯一同再次踏上逆天之旅吧！',0,1,'2022-03-02 23:01:05','2022-03-02 23:01:05',2),(7,'《最终幻想7：重制版》通关评测：对于重制版游戏的重新定义','40小时的剧情流程体验 在我原本的预想中，《最终幻想7：重制版》无非就是将原版第一章的故事一板一眼的以高清3D模型的画质重做一遍。  然而我错了，这款游戏远没有这么简单。如果要以原版的长度来进行对比的话，那么重制版的剧情大约只到原版第一章的三分之一，也就是逃离米德加的节点。  原版要玩到逃离米德加并不需要多长的游戏时间，一般来说6小时足矣。然而重制版玩到逃离米德加，却整整花了我40个小时！',0,1,'2022-03-02 23:20:32','2022-03-02 23:20:32',1),(8,'t','t',0,2,'2022-03-03 20:19:47','2022-03-03 16:45:34',21),(9,'黄金太阳：开启的封印','游戏故事发生在一个叫“维亚德”的巨大奇幻世界中，它和地球一样也由海洋和几块大陆组成。在续作《黄金太阳 失落的时代》中可知，游戏世界采用了地平说，几近椭圆的世界边缘是地之瀑布，海洋之水不断从那里落到无尽的深渊中。本作剧情发生在世界的中部，即安加拉大陆的东部和刚多瓦纳大陆的南部，主角的旅程贯穿了世界最大的两块大陆。\r\n维亚德由神话中的四元素支配，世界中所有的物质都由地、水、火、风这四种元素构成。在游戏世界里，四元素可以由曾经最强大的力量，万能的炼金术操控。由于炼金术被尘封，导致在现在的维亚德里已经难觅其踪了。然而在世界各处，一些天资聪慧的人却生来就能通过精神力控制某一种元素，这些人就叫做炼金术士，他们通常不会向外界展示自己的特殊能力。\r\n人物\r\n主条目：黄金太阳角色列表\r\n在本作中，玩家一共可以控制四名角色。罗宾是来自海迪亚村的17岁地元素，在本作中是一名沉默的队长。杰拉德是17岁的火元素使，也来自海迪亚，是罗宾的亲密同伴。伊万是15岁的风元素使，一直和卡莱依镇的名商哈梅特生活在一起。米雅莉是17岁的水元素使，来自终年积雪的依米尔村，她是玛求里一族的后裔，擅于治疗。在游戏的序章，玩家还可以控制17岁的火元素使加斯敏，她是罗宾童年时的另一名好友。 [2] \r\n游戏两个实力强大的反派萨帝罗斯和梅娜蒂是来自维亚德最北方普罗可斯村的火之一族，他们的目的是让炼金术重新回归维亚德；而协助他们的神秘水使阿历克斯和米雅莉一样都是玛求里一族的后裔。18岁的地元素使加西亚是加斯敏的哥哥，在三年前被萨帝罗斯和梅娜蒂所救。',0,1,'2022-03-02 23:28:45','2022-03-26 16:23:48',21),(10,'《银河战士 生存恐惧》评测','《生存恐惧》的故事处于系列主宇宙当中，且和之前的作品有着千丝万缕的联系，粉丝们的情怀，可以在本作中得到很大的满足。而且游戏的故事也秉持了“清晰易懂”的系列传统，没玩过前作的玩家，也不会出现一脸懵逼的情况。\r\n\r\n在此基础上，《生存恐惧》还在剧情的呈现方式上，下了一番功夫，很多过场都加入了类似“QTE”的可互动的元素，给予了玩家更多临场感，当我“亲手”将炮管捅进怪物嘴里一通狂轰乱炸后，那种爽快的感觉非常上头。\r\n\r\n而在动画结束后，镜头也会调整到横版视角，整个过程非常丝滑的同时，也避免了割裂感。\r\n以现在的眼光来看，《生存恐惧》的玩法带着一股浓浓的古典气息，很多设定甚至可能会让当今的玩家们感到有些“硬核”。\r\n\r\n与系列其他作品如出一辙，本作在地图层面，处处凸显着复杂、精巧。丛林、火山洞窟、海底等各有特色的区块，共同构成了一个庞大的地图，以至于我在流程的大部分时间里，都在四处探索。\r\n\r\n而每个区块内的场景，也被巧妙地连接在了一起。有时你会发现，通过一条隐秘的小道竟能返回熟悉的地点;或者兜兜转转半天后，偶然发现自己进入了之前无法前往的地点;在跑图时随意开炮，还有概率炸开隐藏的道路与道具——流程中，我时常会被这种“意外之喜”所打动。\r\n不过可惜的是，由于场景中辨识度较高的标识并不多，并且随着探索、解谜，一些场景的构造还会改变，导致有时当我看了地图，才意识到这原来是我来过的地方。\r\n\r\n而且与复杂的地图相比，《生存恐惧》的指引有些太过简洁了，以至于迷路是件再正常不过的事，甚至在主线流程里，还需要炸开某些隐藏砖块才能继续推进，因此我有时会陷入茫然，在地图中兜兜转转，到处乱炸，试图找到一条出路。\r\n此外，本作每两个相互连通的传送点，都是独立的。因此，即使很多传送点被解锁，但当游戏进行到后期，我想前往一些流程靠前的地点收集物品时，还是要花费大量时间在无意义的跑路上——因此，我选择破罐子破摔，打算二周目再去满足自己的收集癖。\r\n\r\n与探索并行的，是本作出色的战斗系统，冰冻导弹、变形球、等离子光束等特色得到保留的同时，也加入了一些符合“潮流”的玩法，在传统横版《银河战士》的基础上，给玩家带来了许多新体验。\r\n\r\n本作中，萨姆斯的近战能力得到了史诗级增强，弹反判定成功时，会让敌人陷入硬直，并为玩家补充血量和飞弹;而闪避系统，则让战斗节奏更加灵动——这些本作加入的系统，让玩家在战斗中有了更多的手段，游戏的策略深度也由此被加深。\r\n而在使用远程武器时，手动瞄准十分重要，玩家可以在静止的情况下，用摇杆控制射击的角度，实现360度无死角射爆。而随之而来的，便是战斗变得更有挑战了——有时玩家必须通过摇杆瞄准，才能解决敌人。\r\n\r\n这点在BOSS战中，体现的最为明显。很多BOSS的弱点，只能通过瞄准才能击中，而其频繁的攻击，又让反复走位成为了必要操作。在此困境下，玩家只能在BOSS攻击的间隙，找机会站桩输出，我个人就因此受了不少苦。\r\n\r\n好在游戏前期的BOSS难度比较低，给了玩家一定的适应空间;分布较为密集检查点，也让失败的成本不是很高;一些难度较高的BOSS，也能通过不断的试错，逐渐掌握应对方法，说不定那些让你手忙脚乱的攻击，用两发导弹就能轻松解决，在不断失败、重来、攻克的循环中，我能明显感觉到变强带来的成就感。\r\n而差异化明显的BOSS和精英怪，也让游戏的战斗体验变得很多元。利用弹幕站桩输出的敌人，需要玩家利用走位与场景机关来应对;而那些灵活的敌人，则要求玩家熟练掌握弹反和闪避，主动创造攻击机会，这个过程，甚至让我产生了一种玩动作游戏的快感。\r\n\r\n其中令我印象最深刻的，还是一类名为E.M.M.I的敌人。在特定区域，玩家会和E.M.M.I相遇，一旦暴露位置，便会被疯狂追杀，并且其几乎免疫所有攻击的设定，无情断绝了正面硬刚的可能性。\r\n\r\n而被E.M.M.I抓住之后，生还的希望几乎为零，这让其带来的压迫感进一步增强——面对这种仿佛开挂般的怪物，玩家只能通过时间有限的隐身技能求生，游戏的潜行玩法也由此衍生了出来，并且被追杀期间，游戏还会“应景”的出现阴间的滤镜与BGM，可以说这是我在游玩过程中最能感受到“生存恐惧”的时刻了。\r\n《银河战士：生存恐惧》很好地继承了前作的衣钵。虽然一些“复古”的设计，不一定符合当今玩家的习惯，但正因如此，横版银河战士的神韵才得以保留。对于《银河战士》系列的铁杆粉丝来说，这是一款不容错过的佳作;而新玩家只要做好受苦的心理准备，也能感受到本作的魅力。',0,1,'2022-03-13 16:22:03','2022-03-13 16:22:03',11),(11,'《最终幻想7重制版》深度评测','画面的进化\r\n\r\n原版FF7是第一款由2D转为3D画面的系列作品。放眼当时游戏界，也是绝无仅有的。FF7也是第一款登陆索尼PS主机平台的系列作品。电影化的叙事风格、精美的过场CG，感人至深的游戏剧情，以及贴合时代背景的主题。它都可以说是代表了日式RPG最辉煌的巅峰之作，也是成为了当时主机大战胜利的至关因素。\r\n\r\n\r\n23年前的FF7原版\r\n同样作为率先登陆索尼主机平台的FF7RE重制版。在采用虚幻4引擎制作后，附合现代先进的游戏技术，使其彻底脱胎换骨。告别了原版角色人物粗糙的建模、简陋的游戏场景、复古简略的电子音乐。新的技术赋予了角色新的生命力。高清化的人物建模、角色的全程语音、无缝的过场切换，人物的动作捕捉、面部捕捉。细微到每根头发与清晰可见的毛孔。都让人不禁感叹，这或许才是开发团队最初想要表现的样子，只是当时受困于技术条件，而做出的妥协罢了。\r\n\r\n当玩家操作克劳德，在贫民窟街区仰望天空撑起的巨大圆盘时，是何其壮观，但同时又和眼下所处显得那么格格不入。游戏完整打造呈现了米德加每一块地方，简陋的第七贫民窟、灯红酒绿的围墙商店街，还是奢华现代化的神罗大厦，无一不让人沉浸其中。\r\n\r\n\r\n一号魔晄炉\r\n剧情上的变化\r\n\r\nFF7RE第一章所有的剧情演出都发生在米德加这座钢铁城市。而原版的米德加地区，只有短短的10小时不到的流程剧情。所以当SE宣布游戏将分章节发售，玩家们在痛骂之余又纷纷担心，重制版的第一章会不会因为内容过短而影响其最终品质。好在制作组通过大量的填充和新加入的元素，将其打造成一款正常JRPG的体量。一周目30多小时的游戏体验，还是能满足大部分玩家的期待。\r\n\r\n\r\n蒂法与克劳德\r\n那么既然是重制版，游戏势必会最大限度地遵循原作的脉络。但SE这次显然不会以这种简单的方式来进行开发。所以，我们才看到了这次重制版中，深入刻画的雪崩三人组。逗比搞笑的巴雷特、超级会撩的杰西大姐姐、胖胖可爱的威吉。原作中少有描绘的几位配角，在重制版中瞬间也变得有血有肉起来。在第四章，克劳德陪杰西等人回家拿东西执行任务，更是将这一点做到了极致。四人完成任务后的集体跳伞，还是在隧道的摩托追逐战，都将这三个角色刻画得栩栩如生，也为后续的剧情演出做足了铺垫。\r\n\r\n\r\n超级会撩人的杰西大姐姐\r\n野村哲也这次在FF7RE剧情处理上，分别埋了两条线。主线大致遵循了原作脉络，只是对其内容上的填充。而隐藏的那条副线，在玩通游戏后却又变得更加让人扑朔迷离。除了新加入的菲拉-命运修正者，赛菲罗斯的提前登场，还是爱丽丝似乎知晓一切的“错觉”，都在游戏结尾留下了一个大大的问号。那个男人最后的出现，扶着克劳德与爱丽丝一众的擦肩而过。都让我对游戏的第二章，充满了无尽的期待。也给玩家们留下了足以维持好久的话题热度。SE会如何处理接下来的剧情，一切都变得不好说了。但我坚信一点，这次的重制版某种程度上更像是FF7原作的重启，而绝非简单地重制。\r\n\r\n\r\n盛装出席的爱丽丝\r\n即时制与回合制战斗的绝妙平衡点\r\n\r\n这次FF7RE的战斗系统，可以说是最让人感到惊艳和满意的部分。从来没有一款游戏，在我通关之后，还能保持新鲜感并享受其中。不管是克劳德武器破坏剑与机器摩擦后的火花四溅、绚丽的粒子特效，还是快节奏的即时制战斗，几个角色间的无缝切换，都给FF7RE注入了新的活力。\r\n\r\n原版FF7是以ATB系统为基础下的指令回合制系统。开发团队这次为了兼顾动作与策略，考虑到那些不擅长动作游戏的玩家。最后在这两者间找到一个绝妙的平衡点，设计出了这么一套系统。\r\n\r\n\r\n战斗时，角色可以自由操作行动。ATB槽满了之后，可以让时间短暂暂停。玩家通过选择技能释放、使用道具，或者思考下一步的策略，来做出行动。经典模式下，更是允许角色自动攻击，只需选择释放技能和使用道具。当然，为了满足那些善于动作游戏的玩家，开发团队也给这些技能释放设置了快捷键，以及通关后才解锁的HARD难度。HARD难度下，不能使用任何物品，坐椅子休息也不能恢复MP。敌人的血量、防御、攻击模式也会发生变化。\r\n\r\n\r\n相信很多玩家初次游玩，会非常不适应本作的战斗系统。撇开经典模式和简单模式，NORMAL难度下，总体给人的感觉，能打过BOSS，但整个过程相当憋屈。玩家虽然可以通过嗑药流来耗死敌人，但战斗过程却又没有动作游戏来得爽快。角色释放技能还会被敌人强制打断。但依我看来，虽然游戏的战斗系统变为即时制，但这本质上还是一款RPG游戏，等级与装备的压制还是存在的。打的难受，憋屈，不妨把自身的等级和魔晶石等级再练高一点。对应不同敌人BOSS，魔晶石与武器的搭配也是进阶必修的科目，在这我就不详细展开了。\r\n\r\n\r\n整体来讲，本作的战斗系统下限很低但上限又很高。喜欢研究战斗系统的玩家，不妨试试二周目的HARD难度，一定会给你带来惊喜。\r\n\r\n一些小瑕疵\r\n\r\n诚然，FF7RE是一部优秀的RPG作品，但在它身上或多或少还存在一些问题，一些小瑕疵。\r\n\r\n首先被玩家议论最多的，就是游戏在几块贫民窟区域的贴图质量实在是不忍直视。有些地方，可能是因为虚幻4引擎本身的缺陷，导致某些贴图没有及时载入。但有些地方，就真的是糊成一团，仿佛是上上个世代的产物。尤其是教堂的那片花丛和公寓那扇门。高清细腻的人物建模搭配低质量的贴图，瞬间有种说不出的违和感。而更神奇的是，游戏发售至今，SE都没有发布任何一个游戏补丁，甚至连首日补丁也没有。尽管可能是受疫情的影响，但似乎团队并不想解决这些小瑕疵。但好在并没有严重影响游戏体验的BUG，整体来说本作的完成度还是相当高的。\r\n\r\n\r\n支线人物较为平庸\r\n其次就是游戏的战斗视角问题。战斗时，玩家可以通过R3锁定敌人，但却不能在战斗时转动视角。推动摇杆，便会切换锁定成另外一个敌人。而像空中飞行敌人，在狭窄区域，视角会疯狂转动，让人哭笑不得。在上一部作品FF15中，也存在类似问题，看来这是SE祖传的毛病了吧。\r\n\r\n最后，虽然游戏提供了各类小游戏还有隐藏的BOSS挑战。但作为系列的第一章，在系统还没有完全开放的情况下，游戏的可玩性和系列惯有的隐藏要素，还是比较匮乏。希望在下一章中，能有更加丰富可玩的内容提供给玩家。\r\n\r\n\r\n载入速度过于感人\r\n尾\r\n\r\nFF7RE或许是最终幻想高清化以来，最好的正统续作。虽然游戏本身还存在一些大大小小的问题，但瑕不掩瑜。老玩家们能在23年后，再次玩到FF7这部曾经划时代作品的重制版，这本身就是一种奇迹。\r\n\r\n此时，我唯独希望，SE能尽快推出接下来的游戏章节，也希望最终游戏能迎来一个完美的结局。',0,1,'2022-03-13 16:59:49','2022-03-13 16:59:49',11),(12,'《合金弹头3》评测','Steam版SNK经典横版街机射击游戏《合金弹头3》已经通过该平台接受预订，价格为5.99美元。上周该作品确认将会在2月发行，另外在2月7日之前预定的几个也比原价7.99美元低了25%。当然，具体的发行时间并没有公布。这一Steam版的《合金弹头3》完全支持Steam的大图片模式、成就以及排行榜。该作品兼容Windows Vista/7/8，但不支持XP。《合金弹头3》原作是在2000年针对Neo-Geo MVS街机发行的。之后该作品曾被移植到各种平台，包括安卓、iOS、PS2、PSP、Wii、Xbox和Xbox 360.\r\n【游戏画面】\r\n游戏画面与之前的作品几乎没有多大变化，但是在原先的基础上增加了１６：９的比例图像，在细节方面处理的更为得体，在水中丢的不再是手雷，而是水雷（－－）！一些物品被打破的细节也得到了略微的改善。',0,1,'2022-03-13 17:02:01','2022-03-13 17:02:01',11),(13,'怪物猎人P3游戏评测','画面和音乐\r\n\r\n这一作的画面，即便是放到如今来看，依旧是相当精致。无论是被海水包围，烈日晴空的孤岛；亦或是山清水秀，内部隐藏无数秘密的丛林；还是说蕴含着恐怖能量，随时都有可能爆发的火山，都有着属于自己的特色和美丽。猎人们在休息的闲暇时光，这些美景也足以让他们流连忘返了。\r\n\r\n\r\n作为动作天尊卡普空旗下的作品，音乐是必不可少的加分项。游戏中的每一个怪物，都有着属于自己的音乐。而这一作中，最让人印象深刻的就是雷狼龙的音乐。那永不停息的激昂旋律，就和雷狼龙爆发出的万钧雷霆一样，让人见识过一次就不会再忘记。而且怪物猎人的每一作，BGM几乎不会重样。但是有一首BGM，是必不可少的。那就是狩猎结束后，名为“英雄之证”的BGM。在怪物猎人世界中，狩猎天地煌啼龙时，应景响起的音乐让无数玩家兴奋战栗。然后拔出武器冲上去，然后猫车。\r\n\r\n\r\n游戏性\r\n\r\n吹完了音乐和画面，我们再来说一下游戏体验吧。怪物猎人历代的那些怪物都很强大，猎人如同纸糊的提防，我们就不重提了。一些素材极难掉落，还有各种武器的变更，我们也不说了。主要就来聊聊为什么这游戏能让人们一遍又一遍地刷。\r\n\r\n能让人反复刷的原因，有一点便是怪物种类丰富，而且每一种怪物的招式也不相同。这些招式有的很直观，有的则是很阴险。但不管如何，总是能给玩家带来新鲜感。比如这一作新登场的怪物雷狼龙，就是游戏的招牌。虽然说这个怪不强，但是却非常帅。那如同街舞一般的战斗方式，还有那炫目的青蓝色电光。明知对方是敌人，但依旧会想要和对方共舞。\r\n\r\n\r\n这第二点，就是装备丰富。每一只怪物，都有属于自己的套装。这些套装的效果，往往也非常强力，而且卖相也不错。对于有强迫症的玩家来说，让他们看着不收集是不可能的。因此为了获取素材，他们也只能去一遍又一遍地刷。顺带一提，雷狼龙的套装和太刀，依旧是本作的颜值担当。\r\n\r\n而这第三点，就是联机系统了。怪物猎人系列，可谓是开辟了共斗游戏的先河。正所谓人多才热闹，游戏的联机系统不仅让玩家减轻了一个人面对怪物的负担，还增加了玩家之间的协作性。很多单人时候无法实现的战术，多人就可以做到，比如大爆桶G三连怼脸之类的……\r\n\r\n\r\n总评\r\n\r\n即便是放到今日，怪物猎人p3依旧值得一玩。虽然说画面和系统上，和后来的作品有些许差别，但核心的内容是不变的。所以说在游戏体验上，不会有太大差别。但有一点，我要提醒一下从世界这一作入坑的玩家。那就是这一作的道具使用速度，慢得令人发指。',0,1,'2022-03-13 17:04:08','2022-03-13 17:04:08',11),(14,'恶魔城X 月下夜想曲 测评','本作故事紧接前作《恶魔城X：血之轮回》。公元1792年，曾给人间带来灾难的恐怖城堡——恶魔城再现世间。贝尔蒙特后裔里希特·贝尔蒙特为了救出被绑走的亲人，手持家传的除魔圣鞭来到恶魔城，与吸血鬼伯爵德古拉展开激战。最终里希特战胜了德古拉。\r\n就在里希特打败德古拉救出了亲人的四年后，某一天他突然神秘的消失了。传闻一个叫沙夫特的巫师在暗中预备召唤德古拉回到这个世界上，里希特正是中了他的咒语才消失的。随着贝尔蒙特末裔的消失，各地的妖魔鬼怪又开始兴风作浪，恶魔城又出现了，吸血鬼之王随时都有可能降临。\r\n正邪势力均衡受到了破坏，产生的巨大能量使一个人从长久的睡眠中苏醒过来，他就是在数百年前和拉尔夫·C·贝尔蒙特一起打败德古拉的吸血鬼贵公子阿鲁卡多。他意识到自己的父亲即将给世界带来巨大的灾难，必须有人来阻止这一切。在贝尔蒙特家族没有人能够胜任的时候，他就要承担起这个义务。就这样，吸血鬼王德古拉的儿子成为了这个故事的主角，作为一个德古拉家族的叛逆者，开始了他拯救世界冒险旅程。\r\n德古拉计划是毁灭全人类建立一个新世界，这对于立志保护人类的贝尔蒙特家族来说是绝对不允许的。不仅是贝尔蒙特家族，任何一个热爱生活的人都不能眼看着德古拉一意孤行，以自己的好恶来决定世界的命运。因此，阿鲁卡多带着一颗守护人类的善良心灵来到恶魔城。\r\n在恶魔城中，阿鲁卡多遇到了一名叫玛丽亚的女性，交谈后得知她是里希特恋人的妹妹，也是来此寻找里希特的。在斗技场中阿鲁卡多终于遇到了里希特，但其眼中透出的邪气与敌意已证明他与原来判若两人。里希特召唤魔物袭击阿鲁卡多。逃过劫难的阿鲁卡多在玛丽亚的指点下找到了圣之眼镜，由此发现了控制里希特的幕黑手沙夫特，最终阿鲁卡多与玛丽亚一起救出了里希特。\r\n恶魔城还未被摧毁，空中却又出现了一座逆之恶魔城。阿鲁卡多决定独自前往解决。在逆之恶魔城中历经重重阻碍后，阿鲁卡多终于消灭了沙夫特。将已经复活的父亲德古拉重新封印，并净化了他的灵魂。\r\n可阿鲁卡多毕竟是吸血鬼的后裔，他明白自己在大义灭亲之后仍然不能见容于这个世俗的社会，所以他唯一的选择就是继续逃避。但是玛丽亚在和他接触的过程中对他产生了好感，于是决定和他在一起。这样一来，阿鲁卡多原本平淡沉闷的生活里多了一丝生机。而里希特考虑到自己的能力有限，于是决定隐居，将封印吸血鬼的圣鞭交给了自己的亲戚莫里斯家族。此后近200年的时间里，贝尔蒙特家族的人没有在对抗吸血鬼的历史中出现。',0,1,'2022-03-13 17:06:13','2022-03-13 17:06:13',11),(15,'《最终幻想7核心危机》测评','本作的游戏主人公为“扎克斯(Zack)，想必玩过《FF7》的玩家都知道，他与“克劳德(Cloud)”就犹如长兄，更是不顾一切救过他。更是与“艾瑞丝（Aeris）”有着暧昧的关系。在本作中将会更进一步的剖析其与两者的关系于不为人知的故事。在本作中与“扎克斯”有着非常深刻关系的角色名为“安吉尔(Angeal)”，这是一位全新的角色。身负大剑却行动自如，并且还给与“扎克斯”很多的帮助，可以说是本作的绝对配角。\r\nSQUARE ENIX旗下强大的制作团队开发的这款《最终幻想7 核心危机》可谓是大受期待，通过PSP的强大硬件处理能力和SQUARE ENIX一贯对游戏的高品质要求，对于拥有PSP的你来说还有什么理由来拒绝这样一款优秀的作品。\r\n故事叙述以独占“魔晄能源”与强大军事力量而展露头角的大型综合企业“神罗公司”，旗下拥有私设的精锐特种部队“神罗精锐战士(Soldier)”，其中最精锐的成员被称作“神罗第1精锐战士(Soldier Class 1st)”，是一般平民所尊敬并称羡的地位。\r\n扎克斯是憧憬成为神罗第1精锐战士的神罗第2精锐战士成员之一，在神罗第1精锐战士的搭档学长安吉尔(Angeal)的指导下，每天努力的执行任务、精进自我实力。\r\n不过在某次“五台”地区的作战任务中，发生了“神罗精锐战士大量失踪事件”，包括神罗第1精锐战士杰内西斯(Genesis)在内的众多神罗精锐战士因不明原因而失踪。认为事态严重的神罗高层，为了终结战争与了解事件，于是决定派遣神罗精锐战士。\r\n于是扎克斯、安吉尔，以及以“英雄”之名而扬名世界的神罗第1精锐战士萨菲罗斯(Sephiroth)，被派遣到“五台”展开调查。究竟杰内西斯失踪的真相为何？这3名神罗第1精锐战士菁英隐藏的秘密究竟是什么？等待着扎克斯的，将是残酷命运之战。\r\n游戏中将登场的角色包括扎克斯、安吉尔、杰内西斯、萨菲罗斯等神罗精锐战士，以及当时仍是普通士兵的本传主角克劳德、与扎克斯陷入恋情的贫民窟少女艾丽丝(Aerith)、年纪小小就已经是秘石猎人的五台活泼忍者少女尤菲(Yuffi)等等。\r\nPSP《最终幻想7核心危机(Crisis Core -Final Fantasy VII)》由SCEH代理，9月 13日推出，定价1580元，日该地区并将同步推出与新版PSP主机同捆的限量版包装，定价25890日圆。\r\n战后扎克斯带着克劳德离去，后来独自对付来袭的塔克斯，一人面对千军万马，力竭而亡。临死前克劳德恢复意识来到扎克斯面前，扎克斯把巨剑和信仰与荣耀交付于克劳德并嘱咐他“你是我生命和荣耀的见证”。扎克斯死后克劳德带着巨剑离去。',0,1,'2022-03-26 16:19:19','2022-03-26 16:19:19',9),(16,'巫师3：狂猎 测评','游戏延承了《猎魔人》系列小说的世界观。在小说故事发生前1500年前发生的一场灾难，不同的维度之间的世界发生了碰撞，世界直接被连接并互相渗透。这场灾难被称为“天球交汇”，它让很多来自各式各样来自不同世界中的生物被困在这个世界中，例如，食尸鬼和血棘尸魔和高阶吸血鬼，它们就是天球交汇所留下的残物。这些生物带有自己独特的生态，是过去时代的遗种。根据精灵的传说，人类因为自己之前的世界被毁灭，来到了这个世界。\r\n人类的祖先学会了如何驾驭混沌之力，最早的人类法师从此诞生，并对抗着其他来自不同世界的生物。但由于怪物四处散布且难以击败，在普通人不具备与怪物对抗的情况下，猎魔人由此孕育而生，他们是专门被普通人雇佣来猎杀怪物的变种人类，并以此维持生计，保护人们不受怪物威胁。 [5] \r\n游戏剧情\r\n杰洛特恢复记忆后，开始四处寻找叶奈法的踪迹。最终，叶奈法联系了数年未见的杰洛特，请杰洛特前往威洛拜的村庄碰头。然而当杰洛特赶到约定地点时，整座村庄已经被大军夷为平地，叶奈法也不见踪迹。途中杰洛特碰见维瑟米尔，在他的帮助下一同追踪叶奈法的踪迹。在路途中，杰洛特梦见了凯尔莫罕的遭遇，梦境警示杰洛特他的养女希里遭遇了某种问题。\r\n杰洛特一行于白果园驻留，叶奈法在白果园旅馆现身，身旁有尼弗迦德士兵护卫。这对旧情人尚未叙旧，叶奈法就坚决要求杰洛特尽快与她一同前往维吉马面见尼弗迦德皇帝。他们的队伍在途中遭遇狂猎袭击，但终归是抵达了目的地。在与尼弗迦德皇帝的会面中，杰洛特了解到希里已经从遥远的国度归来，正遭受生命危险，被狂猎追捕。\r\n游戏主线由此正式开始。 [5]',0,1,'2022-03-26 16:32:38','2022-03-26 16:32:38',40),(17,'23','2',0,2,'2022-03-26 23:09:19','2022-03-26 23:09:19',9),(18,'23','2',0,2,'2022-03-26 23:09:53','2022-03-26 23:09:53',9),(19,'23','111',0,2,'2022-03-26 23:10:00','2022-03-27 13:59:30',9),(20,'233','233',0,2,'2022-03-26 23:12:55','2022-03-27 13:43:18',9),(21,'塞尔达传说：旷野之息','《塞尔达传说：旷野之息》是由任天堂企划制作本部与子公司Monolith Soft协力开发的开放世界动作冒险游戏，于2017年3月3日由任天堂发行。该作是《塞尔达传说》系列第15部主线作品。\r\n《塞尔达传说：旷野之息》的故事发生在海拉鲁王国灭亡的100年后，曾经一场大灾难袭击了海拉鲁王国使之灭亡，主角林克在地下遗迹苏醒，追寻着不可思议的声音，开始冒险之旅 [2]  。\r\n该作2017年12月8日获得TGA年度游戏、最佳游戏设计和最佳动作冒险游戏 [3]  ；2017年12月23日获GameSpot年度最佳游戏；2018年1月5日获EDGE年度最佳游戏；2018年3月24日获得GDC最佳游戏音效奖、最佳游戏设计奖和年度游戏奖 [4]  ；2018年3月18日获得SXSW最佳游戏性奖、最佳游戏设计奖和年度最佳游戏。\r\n2019年6月12日，任天堂公司在电子娱乐展览会展前发布会上公布了《塞尔达传说：旷野之息》续作的首个宣传片',0,1,'2022-03-27 09:40:47','2022-04-06 19:52:12',9),(22,'3','3',0,2,'2022-03-27 14:34:37','2022-03-27 14:34:37',9),(23,'4','4',0,2,'2022-03-27 14:35:15','2022-03-27 14:35:15',9),(24,'5','5',0,2,'2022-03-27 14:35:24','2022-03-27 14:35:24',9),(25,'6','6',0,2,'2022-03-27 14:35:30','2022-03-27 14:35:30',9),(26,'8','8',0,2,'2022-03-27 14:36:41','2022-03-27 14:36:41',9),(27,'9','9',0,2,'2022-03-27 14:36:46','2022-03-27 14:36:46',9),(28,'10','10',0,2,'2022-03-27 14:36:53','2022-03-27 14:36:53',9),(29,'24','24',0,2,'2022-03-27 14:37:14','2022-03-27 14:37:14',9),(30,'25','25',0,2,'2022-03-27 14:37:20','2022-03-27 14:37:20',9),(31,'25','2',0,2,'2022-03-27 14:38:02','2022-03-27 14:38:02',9),(32,'26','2',0,2,'2022-03-27 14:38:09','2022-03-27 14:38:09',9),(33,'伊苏Ⅵ：纳比斯汀的方舟 测评','随着幻之都克芬再次沉没于大地之下，沙漠再次变会原来的绿色的土地，亚特鲁结束了在森德里亚的冒险。3年之后，23岁的亚特鲁再次踏上冒险的旅程。\r\n在巴雷西亚和多奇相遇之后，两人向着阿弗罗加前进。来到艾迪斯，在海港的酒场，亚特鲁遇见3年前在森迪里亚认识的蒂拉，还有她的父亲拉多克。拉多克是被罗门帝国通缉的海盗，当时罗门帝国士兵发现他们并前来到酒场抓人，在混乱之中，亚特鲁和多奇也跟随他们逃走并坐上了海盗船离开艾迪斯。亚特鲁从拉多克口中得知关于迦南大漩涡的世界之后，打算跟随他们向着迦南大漩涡进发，打算用自己的双眼去确认未知的世界。\r\n亚特鲁等人乘坐的海盗船在亚托拉斯大海被罗门帝国舰队追截。由于帝国舰队闪电般的来袭，海盗船被追至接近大漩涡这个危险海域，拉多克只能孤注一掷将船驶向大漩涡。处于混乱处境之中的海盗船，在大漩涡中失去平衡，蒂拉身边的船舷的木板也被吹了起来，在蒂拉快要被抛下大海之时，亚特鲁及时伸手抓住她并将她救起。不过换来的是，自己为了救蒂拉而被大漩涡巨大的引力吸进大海中。',0,1,'2022-03-27 14:38:15','2022-04-06 19:51:09',9);
/*!40000 ALTER TABLE `t_article` ENABLE KEYS */;

--
-- Table structure for table `t_favorite`
--

DROP TABLE IF EXISTS `t_favorite`;
/*!40101 SET @saved_cs_client     = @@character_set_client */;
/*!40101 SET character_set_client = utf8 */;
CREATE TABLE `t_favorite` (
  `user_id` int(11) NOT NULL COMMENT '外键关联用户表主键，表示是哪个用户收藏',
  `game_id` int(11) NOT NULL COMMENT '外键关联游戏资讯表主键，表示收藏的游戏信息',
  `gmt_create` datetime DEFAULT NULL COMMENT '创建时间，表示用户收藏这个游戏的时间',
  `gmt_modified` datetime DEFAULT NULL COMMENT '修改时间',
  PRIMARY KEY (`user_id`,`game_id`),
  KEY `t_favorite_t_game_g_id_fk` (`game_id`),
  CONSTRAINT `t_favorite_t_game_g_id_fk` FOREIGN KEY (`game_id`) REFERENCES `t_game` (`g_id`),
  CONSTRAINT `t_favorite_t_user_u_id_fk` FOREIGN KEY (`user_id`) REFERENCES `t_user` (`u_id`)
) ENGINE=InnoDB DEFAULT CHARSET=utf8 COMMENT='游戏收藏表';
/*!40101 SET character_set_client = @saved_cs_client */;

--
-- Dumping data for table `t_favorite`
--

/*!40000 ALTER TABLE `t_favorite` DISABLE KEYS */;
INSERT INTO `t_favorite` (`user_id`, `game_id`, `gmt_create`, `gmt_modified`) VALUES (1,24,'2022-04-05 22:52:45','2022-04-05 22:52:45'),(2,25,'2022-03-23 22:23:13','2022-03-23 22:23:13'),(2,37,'2022-03-15 16:10:35','2022-03-15 16:10:35'),(2,43,'2022-03-15 16:13:51','2022-03-15 16:13:51'),(4,44,'2022-03-24 18:40:16','2022-03-24 18:40:16'),(6,1,'2022-04-06 20:47:36','2022-04-06 20:47:36'),(6,57,'2022-04-06 20:47:50','2022-04-06 20:47:50'),(6,58,'2022-04-06 20:47:54','2022-04-06 20:47:54'),(6,59,'2022-04-06 20:47:46','2022-04-06 20:47:46'),(9,14,'2022-04-06 19:45:25','2022-04-06 19:45:25'),(24,10,'2022-03-01 11:21:06','2022-03-01 11:21:06'),(24,12,'2022-03-01 11:20:06','2022-03-01 11:20:06'),(24,13,'2022-03-01 11:21:16','2022-03-01 11:21:16'),(24,14,'2022-03-01 11:14:08','2022-03-01 11:14:08'),(24,20,'2022-03-01 11:14:04','2022-03-01 11:14:04'),(24,21,'2022-03-01 11:19:56','2022-03-01 11:19:56');
/*!40000 ALTER TABLE `t_favorite` ENABLE KEYS */;

--
-- Table structure for table `t_game`
--

DROP TABLE IF EXISTS `t_game`;
/*!40101 SET @saved_cs_client     = @@character_set_client */;
/*!40101 SET character_set_client = utf8 */;
CREATE TABLE `t_game` (
  `g_id` int(11) NOT NULL AUTO_INCREMENT,
  `g_name` varchar(255) DEFAULT NULL COMMENT '游戏名称',
  `cover` varchar(255) DEFAULT NULL COMMENT '游戏封面链接',
  `developer` varchar(255) DEFAULT NULL COMMENT '游戏开发商',
  `publisher` varchar(255) DEFAULT NULL COMMENT '游戏发行商',
  `game_score` int(2) DEFAULT NULL COMMENT '游戏评级星数，1-5颗星',
  `is_deleted` int(1) DEFAULT NULL COMMENT '逻辑删除，1：删除，0：保留',
  `release_time` varchar(20) DEFAULT NULL COMMENT '游戏发行时间',
  `gmt_create` datetime DEFAULT NULL COMMENT '创建时间',
  `gmt_modified` datetime DEFAULT NULL COMMENT '修改时间',
  `genres_id` int(11) DEFAULT NULL COMMENT '外键关联游戏类型表主键',
  `game_review` text COMMENT '游戏简介',
  PRIMARY KEY (`g_id`),
  KEY `fk_game_genres` (`genres_id`),
  CONSTRAINT `fk_game_genres` FOREIGN KEY (`genres_id`) REFERENCES `t_genres` (`gg_id`)
) ENGINE=InnoDB AUTO_INCREMENT=60 DEFAULT CHARSET=utf8 COMMENT='游戏表，用于存储游戏信息';
/*!40101 SET character_set_client = @saved_cs_client */;

--
-- Dumping data for table `t_game`
--

/*!40000 ALTER TABLE `t_game` DISABLE KEYS */;
INSERT INTO `t_game` (`g_id`, `g_name`, `cover`, `developer`, `publisher`, `game_score`, `is_deleted`, `release_time`, `gmt_create`, `gmt_modified`, `genres_id`, `game_review`) VALUES (1,'战神-斯巴达幽灵','/game/cover/ghost_of_sparta.jpg','SCEA / Ready At Dawn Studios LLC. / Santa Monica Studio','Sony Computer Entertainment Europe Inc.',10,0,'2010-11-02','2022-03-03 10:53:37','2022-03-26 17:02:41',1,'PSP独占新作《战神：斯巴达之魂》（God of War: Ghost of Sparta）是PS2和PS3畅销动作游戏《战神》（God of War）系列的前传作品。叙述斯巴达战士───奎托斯（Kratos）如何获得战神般力量的经历。 新作由曾开发过《战神：奥林匹斯之链》（God of War: Chains of Olympus）的美国Ready at Dawn工作室再度担纲制作，这次将由Santa Monica Studio（索尼圣莫尼卡）制作组携手联合辅助开发。将彻底发挥PSP的硬件性能极限，提供更细致的场景、更壮阔的场面、以及多出25%的游戏内容、还追加经过改良的武器系统以及新的魔法等等。'),(2,'战神-奥林匹斯之链','/game/cover/Chains_of_Olympus.jpg','Ready at Dawn','Sony Computer Entertainment Europe / Capcom',10,0,'2008-03-04','2022-03-03 10:53:38','2022-03-01 15:35:41',1,'《战神：奥林匹斯之链》（God of War : Chains of Olympus）是以 PS2 上大畅销的《战神》（God of War）系列为题材的PSP原创新作，本作由 Ready at Dawn 研发，充分发挥 PSP 所具备的 3D 处理性能，呈现出不亚于 PS2 版壮阔的游戏场景以及细腻角色。 游戏承袭相同的故事背景与游戏类型，玩家将再度扮演斯巴达战士奎托斯，继续施展“混沌之刃”等致命武器，面对全新的难关、敌人与奥林匹斯诸神的试炼，体验与不同于本传的原创故事剧情。游戏承袭 PS2 系列作的特色，在 PSP 上重现了广受欢迎的电影运镜式精采游戏画面与刺激的动作战斗系统，并加入全新的招式、关卡、机关与怪物，以及以希腊神话为基础的全新剧情。'),(3,'最终幻想-零式','/game/cover/final_fantasy_type0.jpg','Square Enix','SQUARE ENIX',10,0,NULL,'2021-11-07 02:24:27','2021-11-07 02:24:29',2,'\n《最终幻想：零式》是史克威尔艾尼克斯研发的一款掌机RPG游戏。\n于2011年10月27日发行。\n史克威尔在ps4、xboxone发售了附带《最终幻想15》试玩版的该游戏高清重置版《最终幻想：零式HD》，重置版相比于原作游戏难度低了许多，画质上有了较大的提升但游戏剧情没有改变。\n游戏讲述了在一个名为奥利恩斯等待觉醒者的世界里，拥有使命的0组12人完成使命的故事。\n'),(4,'合金弹头XX','/game/cover/Metal_Slug_XX.jpg','SNK','SNK',9,0,NULL,'2021-11-07 02:25:54','2021-11-07 02:25:56',6,'SNK PLAYMORE公司制作、发行。于2009年12月23日发售，是《合金弹头7》的强化重制版。对应PSP掌机经典2D横版动作射击新作：《合金弹头XX》（Metal Slug XX）。新作将会收录多种迷你挑战任务，并且支持PSP的Ad Hoc无线网络模式，可支持2名玩家联机合作游戏。本作的官方网站已正式开通，并且放出了游戏最新画面与宣传影片，供各位玩家参考。而本作的预约特典将是以游戏中假扮俘虏以潜入敌方阵营帮助玩家的高超工作者“一文字百太郎的四角裤”作为预约特典。对于有喜欢该系列游戏的新老玩家们不可错过这款游戏。'),(5,'魂斗罗-铁血兵团','/game/cover/contra_hard_corpse.jpg','konami','konami',10,0,NULL,'2021-11-07 02:26:53','2021-11-07 02:26:55',6,'魂斗罗铁血兵团是KONAMI公司为世嘉五代专门开发的魂斗罗系列游戏。本作完全依托世嘉五代的硬件特点和机能，游戏节奏紧张激烈、刺激无比。魂斗罗铁血兵团与以往魂斗罗系列的区别巨大，首先是血格系统的引入，这让玩家的游戏积极性有了巨大的提高。另外分支剧情的加入也让游戏的可玩性和耐玩度有了质的飞跃。对于魂斗罗来说，这些设定的加入都是相当令人期待和惊喜的。魂斗罗铁血兵团在我国玩家心中的影响力巨大，直到世嘉五代后期，本作仍旧牢牢占据射击游戏排名的前列。'),(6,'打击者1945 加强版','/game/cover/striker1945.jpg','彩京','彩京',8,0,NULL,'2021-11-07 08:44:07','2021-11-07 02:27:58',7,'\n打击者1945（Strikers 1945）是日本彩京公司(Psikyo)于1995年发售的一款纵向卷轴飞行射击类游戏。\n1945年，第二次世界大战结束。和平的气息开始在全球蔓延开来。但是，一个由世界上部分高级军事将领所组成的名叫CANY的全球军事组织出现了。他们把征服世界作为第一目标。随后，CANY的活动在前苏联，美国，日本，德国等国家均被发现。令人吃惊的是,CANY组织居然拥有当时人类从来没有见过的军事武器，其中包括火箭、UFO、机器人等等。为了维持在二战以后难得的和平，地球上一群能力突出的机长们自发的组织起来了一个名为“Strikers”（打击者）的小组，企图通过当时拥有的武器装备，消灭CANY的阴谋。\n'),(7,'圆桌骑士','/game/cover/kinghts_round.jpg','卡普空','卡普空',10,0,NULL,'2021-11-07 02:28:50','2022-03-03 10:54:26',4,'游戏简介'),(8,'惩罚者','/game/cover/punisher.jpg','卡普空','卡普空',10,0,NULL,'2021-11-07 02:29:33','2022-03-03 10:54:27',4,'《惩罚者》是一款由Capcom于1993年发行的格斗通关类游戏，游戏中只能选两个人。游戏的人物造型巨大，达到了CPS1的极限。故事以惩罚者及尼克·弗瑞两人与金并之间的对决展开'),(9,'街头霸王','/game/cover/sf.jpg','卡普空','卡普空',10,0,NULL,'2021-11-07 02:31:07','2022-03-03 10:54:28',3,'《街头霸王》是由日本CAPCOM公司于1987年首次推出的格斗类单机游戏系列，第一代游戏于1987年8月30日发行。游戏内主要角色有隆、肯、春丽、盖尔、春日野樱、亚力克斯、维加、豪鬼等。'),(10,'洛克人Zero','/game/cover/rockman_zero.jpg','卡普空','卡普空',10,0,NULL,'2021-11-07 08:44:09','2022-03-03 10:54:30',1,'\n《洛克人zero》（ロックマンゼロ）是一款由CAPCOM公司开发的动作类游戏，于2002年发行。该游戏是日本电子游戏《洛克人》系列第五部作品，继续艾克斯和杰洛的传说。\n由能够让思考型机器人狂暴化的西格玛病毒引发的大战「异常体战争」，在英雄艾克斯的活跃下终告结束。人们在新建造的都市「NEO·阿尔卡迪亚」中过着快乐的生活。然而，这个人类的乐园，却转变成了思考型机器人的地狱。由於担心思考型机器人狂暴化，同时又面临能源不足的问题，政府开始对思考型机器人加以迫害。以各种不当的理由被定罪的思考型机器人逃到了旧都市的废墟中，并且组织成反对派以对抗政府的部队。同情机器人的科学家少女雪儿为了要停止人类对机器人的不当迫害而离开了NEO·阿尔卡迪亚·加入反对派。并唤醒了被封印了百年、另外一位终结了异常体战争的传说英雄杰洛，并且率领反对派，试图找出让机器人与人类和解的道路。\n'),(11,'恶魔城X-月下夜想曲','/game/cover/Symphony_of_the_Night.jpg','konami','konami',10,0,NULL,'2021-11-07 08:44:10','2022-03-03 10:54:31',2,'\n《恶魔城X：月下夜想曲》是KCET（PS版）、KCEN（SS版）开发，Konami发行的一款动作角色扮演游戏。\n《恶魔城X：月下夜想曲》于1997年PS平台上发行， [1]  1998年在世嘉SS平台上推出移殖版。 [1]  2007年KONAMI在微软XBOX360上推出了月下的XBOXLIVE下载版。 [1]  同年推出PSP版的《恶魔城X：年代记》，当中附赠了《月下夜想曲》复刻版。 [1] \n《恶魔城X：月下夜想曲》是《恶魔城》系列公认的最成功的作品。《月下夜想曲》一改以往作品纯动作的风格，加入大量RPG要素与地图探索元素，辅以精彩的剧情、精美的图像与动听的乐曲，因此广受好评。\n'),(12,'恶魔城X历代记','/game/cover/draculaX_chronicies.jpg','konami','konami',9,0,NULL,'2021-11-07 08:44:11','2022-03-03 10:54:33',1,'KONAMI经典动作游戏《恶魔城》将首度登陆PSP平台！日前，KONAMI公布了PSP版《恶魔城》的最新消息，本作的游戏名为《恶魔城X历代记（Castlevania: Dracula X Chronicles）》，游戏将会采用“2.5D”（3D画面，2D操作）的方式演绎。\n恶魔城X历代记\n恶魔城X历代记\n《恶魔城X历代记》是早前《恶魔城 血之轮回》的复刻版，游戏画面进行了全新的制作，3D化的场景视觉冲击力更强，游戏的画面加强之后，系统以及操作上还是沿袭了《血之轮回》的风格，人物的动作还是略显僵硬，但是本作还是能够吸引绝大多数的恶魔城玩家。\n除了3D化《血之轮回》的内容外，《恶魔城X历代记》还将加入系列2D的最高峰《恶魔城 月下夜想曲》作为附赠内容，使得本作的卖点又增加了。本作将会在2007年第三季度上市，恶魔城fans切勿错过！'),(13,'刺客信条：血缘','/game/cover/Assassin_Creed_Bloodlines.jpg','Ubisoft','Ubisoft',10,0,NULL,'2022-03-03 10:53:40','2021-11-07 08:53:05',1,'\n《刺客信条：血缘》是由Ubisoft公司开发的一款ACT 动作游戏，于2009年发行。\n本作首次登陆PSP掌机，但并不是一款炒冷饭或者是纯粹的简化移植作品。将拥有独立的故事架构，时代背景设定在紧接一代故事发生后，还可以解释《刺客信条》和《刺客信条2》之间关联的途径。\n'),(14,'刺客信条2：探索','/game/cover/assassin_creed2.jpg','Ubisoft','Ubisoft',10,0,'2010-02-02 08:52:16','2021-11-07 08:52:29','2022-03-03 10:54:37',1,'当艾吉奥·奥迪托雷·达·佛罗伦萨来到15世纪的西班牙，去解放那些被西班牙宗教法庭的幌子下监禁的跟随他的刺客们。在这个过程中，埃齐奥发现圣殿骑士团计划向西航行去发现新大陆。埃齐奥必须救下克里斯托弗·哥伦布(Christoffa Corombo)，并且杀死托马斯·托尔克马达以消除圣殿骑士的威胁。 埃齐奥也不得不暗杀其他一些重要的目标，如：加斯珀·马丁内斯，佩德罗·略伦特，圣殿骑士的间谍以及胡安·德·马里罗。'),(15,'1944征服世界','/game/cover/1944.jpg','卡普空','卡普空',9,0,'2000-09-07 08:55:58','2021-11-07 08:56:14','2022-03-03 10:54:40',7,'1944征服世界是CAPCOM在ARC上的最后一部19世纪风云系列空战的作品，于2000年9月发行。系统除了以往的旧作成分，飞机承弹力转为标准的血条形式表达，还有附加的小飞机增加火力用，可以靠吃标志来补，能补到80以上。谈谈关卡更是搞笑，每关BOSS都有一个很气魄的名字，毛笔字写的，不过有些字很奇怪， 列举部分如下：凪, 猛, 极, 隗神……败给小日本了。其实本名也有：高速驱逐舰，新型重战车……值得留意的事这部纵轴作品的子弹种类丰富：球弹、激光条、月牙……应有尽有， 敌兵子弹很密集而且很快，所以系统作了让步：雷的威力很大，基本上2颗关口Boss解决2/3以上。还有就是补血品响应的也多了。'),(16,'19XX-命运否决战 ','/game/cover/19xx.png','卡普空','卡普空',10,0,'1996-11-07 08:58:45','2021-11-07 08:58:20','2022-03-03 10:54:39',7,'19XX-命运否决战是一个垂直的滚动射击街机游戏，诞生于1995年（1996年版权），由Capcom卡普空出品。游戏是该公司的二战飞机射击游戏19系列的第四作。故事发生在一个虚构的战争中，一个孤独的飞行员试图打败引发核灾难的邪恶组织挑起的另一次世界大战。'),(17,'拳皇97','/game/cover/kof97.jpg','SNK','snk',10,0,'1997-02-07 09:03:22','2021-11-07 09:03:33','2022-03-03 10:54:42',3,'《拳皇97》是由日本SNK公司于1997年发行的一款街机格斗游戏。该作为《拳皇96》的续作，其后续作品为《拳皇98》。该作相比拳皇系列前三个版本在各方面均有较大改进，是拳皇系列的成熟之作。\n《拳皇97》是“大蛇篇”三部曲中的最后一章，讲述了各路决斗家组成队伍参加拳皇大赛，卷入八杰集复活大蛇的阴谋，并最终为这场因缘之战画上休止符。\n《拳皇97》在全国各地街机厅长盛不衰，并衍生各种非官方修改版本，其中流传较广的版本有《拳皇97风云再起》。'),(18,'双截龙','/game/cover/Double_Dragon.jpeg','Technos Japan Corp.','Binary Design',9,0,'1988-04-08 00:00:00','2021-11-10 01:59:21','2022-03-03 10:54:43',1,'《双截龙》是由TECHNOS推出的街机动作游戏，目前已经有4代问世，并成为卷轴式格斗游戏的始祖。'),(19,'双截龙2：复仇','/game/cover/Double_Dragon_2.jpeg','Technos Japan Corp.','Technos Japan Corp.',10,0,'1989-12-22 00:00:00','2021-11-10 02:01:40','2022-03-03 10:54:44',1,'アーケード版は1989年発売。使用基板は前作の流用なので、続投キャラクターのデザインはほとんど顔グラフィックと色の変更程度になっている。冒頭では前作で救出したマリアンがウィリーに射殺され、ゲームの雰囲気はさながらマリアンの弔い合戦とも言える物であった。攻撃操作は前作と異なり、左右攻撃ボタンとその中央にジャンプボタンを配しているシステムで、アーケード版『熱血硬派くにおくん』に近い物になっている。前作で圧倒的な威力を誇った肘打ちは、よほど接近して出さない限り敵がしゃがんで避けてしまうようになった上に、肘打ちを使う雑魚キャラクターまで存在する。また主人公が武器による攻撃で受けるダメージが前作と比べて軽減されており、特に前作の最終ボスであるウィリーのマシンガンで即死しなくなっている。'),(20,'双截龙3：罗塞塔之石','/game/cover/Double_Dragon_3.jpeg','Technos Japan Corp.','任天堂',10,0,NULL,'2022-03-03 10:53:43','2022-03-03 10:54:49',1,'在打败Shadow Warrior（影子战士，二代du的敌人）后，BILLY和JIMMY过着平静的生活。但是，一位突然出现的老妇人打破了这一切，她自称是Marian的朋友，老妇人告诉Lee Brothers，Marian被囚禁在了密室中，请Lee Brothers去救Marian。Lee Brothers接受了老妇人的请求，三人来到了美国，寻找他们的朋友Brett帮忙。'),(21,'忍者龙剑传3：黄泉的方舟','/game/cover/Ninja_Ryuukenden_3.jpeg','Tecmo','Tecmo',10,0,'1991-06-21 00:00:00','2021-11-10 02:06:29','2022-03-03 10:54:50',1,'忍者龙剑传3是TECMO于1991年推出的ACT游戏，这款游戏在该系列中是最成熟的作品，首先是系统技能的调整，去掉了幻影分身的设定，增加“剑刃加长”的攻击方式，使主角动作流畅帅气。'),(22,'忍者龙剑传2：黑暗邪神剑','/game/cover/Ninja_Gaiden_2.jpeg','Tecmo','Tecmo',10,0,'1990-04-06 00:00:00','2021-11-10 02:11:41','2022-03-03 10:54:51',1,'《忍者龙剑传2-暗黑邪神剑》是《忍者龙剑传》系列的第二作，也是3部曲中人气最高的作品。随着技术的成熟，2代的完成度被提升到了一个很高的高度。影分身的加入使游戏的玩法有了多种的玩法，而陷墙BUG更是层出不穷，让各种挑战玩法称为可能。但对于熟练的玩家而言，影分身却又大幅削弱了游戏难度，这也是本作比较矛盾的一个方面。'),(23,'恶魔城 血族','/game/cover/Castlevania_Bloodlines.jpeg','Konami Corporation','Konami Corporation',10,0,'1994-03-17 00:00:00','2021-11-10 02:11:39','2022-03-03 10:54:53',1,'公元1897年昆西·莫理斯讨伐德古拉，并将之消灭。德古拉被昆西·莫里斯消灭之后，他的一个部下试图把他召唤回来。但是这个部下的力量实在有限，最终只能召唤到德古拉的侄女——伊莉莎白·巴特雷，一位美貌的女吸血鬼。'),(24,'银河战士：融合','/game/cover/Metroid_Fusion.jpeg','Nintendo R&D1','Nintendo',9,0,'2002-02-06','2021-11-10 02:13:39','2022-03-26 17:02:49',1,'《融合》是《密特罗德》系列时间线上的正统续作，即第四代，故事情节承接《超级密特罗德》，萨姆丝再次被银河联邦派到 SR388 协助进行科学考察研究，然而自从上次来到这里后 SR388 似乎发生了某些变化……'),(25,'银河战士：零点任务','/game/cover/Metroid_Zero_Mission.jpeg','Nintendo R&D1','Nintendo',10,0,'2004-02-09 00:00:00','2021-11-10 02:15:06','2022-03-03 10:54:58',1,'银河战士零点任务是任天堂在GBA平台发布的招牌游戏，该系列的游戏每一个版本都受到玩家的热烈追捧。其实任天堂在GBA出来之前在红白机时代就推出过银河战士，这次银河战士零号任务的剧情基本跟之前的版本的一样，不过这次在GBA平台，游戏的画面更加精致，声效也做了相应的加强，并根据GBA的特点增加了更多更好玩的新内容和新的东西，相信玩过银河战士的玩家肯定会喜欢上这款作品。'),(26,'我们的太阳','/game/cover/Boktai.jpeg','Konami','Konami',10,0,'2003-07-16 00:00:00','2021-11-10 02:17:22','2022-03-03 10:54:57',2,'《我们的太阳》采用了独特的阳光感应系统的GBA游戏，游戏的销量虽却不能令人满意。本作为一款在卡匣中内藏太阳光感应器的另类动作RPG，游戏中玩家将化身为一名吸血鬼猎人，并前往被吸血鬼所占据的城堡讨伐之，最终目标则是将隐藏在城堡迷宫最深处的头目给打倒。游戏中玩家可以藉由太阳光感应器收集阳光，并以此作为玩家角色所用武器太阳枪的能源来战斗。同时在游戏卡匣中也内藏一个计时功能，可实际反应出玩家游戏的现实时间，当现实时间中太阳西沈之时，游戏中也一样会日落变成夜晚。另外本作还将对应GBA通信对战线，让玩家可进行最多四人的同时对战，倍增许多游戏乐趣。'),(27,'续·我们的太阳 太阳少年强戈','/game/cover/Boktai2.jpeg','Konami','Konami',10,0,'2004-07-22 00:00:00','2021-11-10 02:18:52','2022-03-03 10:55:01',2,'在《续·我们的太阳：少年强戈》中，除了前作所使用的太阳枪之外，还加入了“太阳锻冶”系统，可以使用太阳能量来锻冶出剑、矛 与 槌 等 3 种类的武器，共计将有超过 60 种各式不同的太阳武器可以使用，并使用太阳能量来进一步强化这些武器。'),(28,'新·我们的太阳 逆袭的萨巴塔','/game/cover/Boktai3.jpeg','Konami','Konami',10,0,'2005-07-28 00:00:00','2021-11-10 02:20:00','2022-03-03 10:54:59',2,'小岛秀夫的创意之作《我们的太阳》曾经在2003年7月17日推出后引起广泛热潮，其独特的阳光感应器和类似MGS的潜入手段令玩家大呼过瘾！如今，在让我们苦等两年之久后，续作《新·我们的太阳》终于登陆末代GBA，而其优良的高素质绝对是两年磨砺后GBA上最后辉煌！下面就请随我走入这光明与黑暗交织的世界吧！'),(29,'宇宙巡航机','/game/cover/Nemesis.jpeg','Konami','Konami',8,0,'1986-04-25 00:00:00','2021-11-10 02:22:00','2022-03-03 10:55:02',7,'名称的由来：“Gradius”是拉丁语，在拉丁语中是“剑”的统称，义无反顾，一捅到底。'),(30,'宇宙巡航机2','/game/cover/Gradius2.jpeg','Konami','Konami',8,0,'1988-12-16 00:00:00','2021-11-10 02:23:09','2022-03-03 10:55:03',7,'FC版宇宙巡航机2正是完全由沙罗曼蛇而改变的，画风采用了FC沙罗曼蛇的样子。街机版宇宙巡航机2的画面却回到了街机一代的传统，当然，改进了。而且终于由本作加入了战机能力选择系统，也就是从游戏开始，给你选择4项武器选择系统所对应的各种能力（除速度），比如侧飞弹的攻击方式，详细见武器升级系统目录。'),(31,'超级马里奥兄弟','/game/cover/super_mario.jpeg','Nintendo','Nintendo',9,0,'1985-09-13 00:00:00','2021-11-10 02:26:21','2022-03-03 10:55:06',5,'全名《超级马里奥兄弟》，是任天堂公司出品的著名横版过关游戏，最早在红白机上推出，有多款后续作品，迄今多个版本合共销量已突破4000万套。其中的主角马里奥、路易、桃子公主、蘑菇王子等等已成为任天堂的招牌人物。主角马里奥日文原名マリオ，英文译作Mario，在译成中文时因时代不同，华语圈地区不同而译作“马力欧”“玛丽”等情况也确有存在。根据任天堂公布的官方中文译名和牛津词典，现在一般称为“马里奥”。'),(32,'超级马里奥兄弟3','/game/cover/super_mario3.jpeg','Nintendo','Nintendo',10,0,'1988-10-23 00:00:00','2021-11-10 02:27:24','2022-03-03 10:55:08',5,'该作中，库巴带领小库巴们袭击的不是蘑菇王国，而是存分散在蘑菇世界里的其他七个王国。在各国中，库巴率领自己的孩子“小库巴”们去捣乱，导致各国自古相传的魔杖被盗取，各国国王被变成了动物及植物等姿态。马里奥和路易按顺序寻访各国，帮他们取回魔杖，并恢复各个国王的姿态。但是途中，桃子公主被拐到了位于库巴总部的第8世界暗黑王国，救回桃子公主则是马里奥和路易的最终目标 ['),(33,'新超级马里奥兄弟Wii','/game/cover/New_Super_Mario_Bros.jpeg','Nintendo','Nintendo',10,0,'2009-11-12 00:00:00','2021-11-10 02:30:02','2022-03-03 10:55:09',5,'作为Wii版《新超级马里奥兄弟》的续编作品，本作在保留前作场景风格的基础上，给予了适宜家用机版本的画面加强。游戏登场人物为3D表现，最大特色是加入了可共4人一起玩的多人模式。玩家们既可齐心协力，共同过关，又可相互妨害，阻挠同伴。还增加了冰冻花，飞行蘑菇，企鹅装，取消巨大蘑菇，龟壳装。增加耀西可以使用。'),(34,'JOJO的奇妙冒险：前往未来的遗产','/game/cover/Jojo.jpeg','卡普空','卡普空',10,0,'1999-09-01 00:00:00','2021-11-10 02:32:41','2022-03-03 10:55:12',3,'《JOJO的奇妙冒险 未来遗产》是CAPCOM推出的一款对战格斗街机游戏，前作为《JOJO的奇妙冒险》，改编自荒木飞吕彦的漫画《JOJO的奇妙冒险》。\n本作推出了Dreamcast平台移植版，并于2012年在Play Station 3和Xbox360平台上推出了高清重制版。'),(35,'伊苏7','/game/cover/ys7.jpeg','Nihon Falcom Corp.','XSEED Games / Nihon Falcom Corp.',10,0,'2009-07-17 00:00:00','2021-11-10 02:45:50','2022-03-03 10:55:11',2,'伊苏7由日本FALCOM制作，预定9月17日推出的PSP动作角色扮演游戏《伊苏7（Ys SEVEN）》，现公布了身为沙漠炎龙部族与峡谷风龙部族首领的2名新登场战斗伙伴相关资讯与一系列最新游戏画面，供玩家参考。'),(36,'伊苏6：纳比斯汀的方舟','/game/cover/ys6.jpeg','Nihon Falcom Corp.','Konami Corporation',10,0,'2003-09-27 00:00:00','2021-11-10 02:47:23','2022-03-03 10:55:14',2,'《伊苏Ⅵ：纳比斯汀的方舟》是一款由FALCOM制作发行的动作角色扮演类游戏，是《伊苏》系列的第六部正统续作，于2003年9月27日发行。'),(37,'怪物猎人P3','/game/cover/Monster_Hunter_Portable_3rd.jpeg','Capcom','Capcom',10,0,'2010-12-01 00:00:00','2021-11-10 02:49:27','2022-03-03 10:55:15',1,'怪物猎人 携带版3rd》发布消息出现至今，各种激动人心的情报接踵而至，在《3rd》中，全新登场的猎人据点“结云村”、最全的12种武器图片资料、全新设计的狩猎场“溪流”、大图欣赏新加入的三种怪物、艾露猫的全新要素。应有尽有，让苦等的诸位多玩猎人一解等待之苦，通过这篇报道每位玩家都能为自己勾勒出心中的《怪物猎人 携带版3rd》，那么~ 一起来吧！'),(38,'龙王战士','/game/cover/TheKingofDragons.jpeg','Capcom','Capcom',10,0,'1991-07-11 00:00:00','2021-11-10 02:55:04','2022-03-03 10:55:16',4,'经典街机游戏《龙王战士》动作过关类游戏。背景是类似于指环王中的中土世界。怪物是欧洲传统神话小说中的精怪，魔物，如九头怪，牛头怪，双足飞龙，邪恶法师，黑暗骑士，独眼巨人等。独特的武器升级系统使得这个游戏的游戏性增强。'),(39,'恐龙快打','/game/cover/Cadillacs_and_Dinosaurs.jpeg','Capcom','Capcom',10,0,'1993-04-01 00:00:00','2021-11-10 02:56:17','2022-03-03 10:55:18',4,'《恐龙快打》是由日本CAPCOM公司出品的一款著名的街机游戏。游戏改编自1993年美国CBS开始放送的《Xenozoic Tales》 '),(40,'最终幻想Ⅶ：重制版','/game/cover/Final_Fantasy_VII_Remake.png','Square Enix','Square Enix',10,0,'2015-04-05 02:59:28','2021-11-10 02:59:49','2022-03-03 10:55:19',2,'《最终幻想VII：重制版》是由Square Enix基于经典的《最终幻想7》所进行的的完全重制版，但并非对原作的 1 比 1 复刻。除了次世代主机带来的画面革新外，游戏战斗风格也更加偏向于“动作”，克劳德的突刺颇似《最终幻想15》里诺克提斯的长枪突刺，整个游戏的游戏系统可以理解为半即时遭遇战斗模式，其最大的特色是通过积攒ATB槽进行与回合制相仿的技能攻击。由于没有了战斗进场与结算镜头，因此使整个游戏的推动变得尤为顺滑，希望可以给玩家带来更爽快的砍杀体验。 [1] '),(41,'塞尔达传说：旷野之息','/game/cover/c0cc00f7-cb6e-4593-bf1c-03656e1e0e7f_legend_of_Zelda_breath_of_the_world.jpeg','Nintendo EAD','Nintendo',9,0,'2017-03-03','2022-03-03 19:28:58','2022-03-03 17:39:18',1,'《塞尔达传说 荒野之息》（日语：ゼルダの伝説 ブレス オブ ザ ワイルド，英语：The Legend of Zelda: Breath of the Wild，港台译作“萨尔达传说 荒野之息”）是一款动作冒险游戏。本作由任天堂企划制作本部与任天堂旗下子公司Monolith Soft协力开发。游戏最早计划为Wii U平台独占发行，之后宣布将在任天堂新的混合型游戏主机任天堂Switch上发售，并将成为该主机的首发游戏之一。同时任天堂确认本作会是任天堂在Wii U上开发的最后一款游戏。\r\n游戏最初于2013年公布，并计划于2015年发行。之后任天堂宣布游戏延期并最终定于2017年3月3日发行。\r\n剧情\r\n很久很久以前，海拉尔王国的各个族群和平共存。其中名为锡克族（Sheikah）的族人们制造了许多先进的科技来帮助海拉尔的人们。但是有一天，邪恶的梦魇加侬（Calamity Ganon）击败了勇者并试图占领海拉尔王国。情势紧迫下锡克族人启动了他们暗中制造、用来保护家园的机械巨兽和守卫者。这些机械士兵成功的将梦魇加侬封印在海拉尔城堡中，但是机械士兵们却遭到邪恶力量的控制而反过来攻击海拉尔人。因为惧怕著锡克族的力量，海拉尔王将他们统统放逐出海拉尔王国。\r\n一百年后的现代，勇者林克从沉睡中苏醒，却失去了所有的记忆。林克在一个未知的女性声音的带领下遇见了一位长者，长者告诉他梦魇加侬依旧被封印在城堡内并日渐壮大自己的力量，林克必须在封印被破坏前拯救海拉尔王国。\r\n\r\n\r\n《塞尔达传说 荒野之息》获得业界极高的好评。国外多家游戏媒体给予满分评价。'),(42,'侠盗猎车手：圣安地列斯','/game/cover/dad3ca4e-5c1e-495e-97ad-f4a876a44575_GTA_SanAndreas.jpeg','War Drum Studios / Rockstar North','Capcom / Rockstar Games',9,0,'2004-10-26','2022-03-03 19:29:00','2022-03-03 19:19:47',1,'游戏销量 史上最畅销游戏作品之第10位——1200万（PS2版）\r\n　　2004年10月，《侠盗猎车手》系列的续作《侠盗猎车手：圣安地列斯》登陆PS2平台。此次游戏地点再次发生了改变，从美国东海岸转到西海岸（这似乎很符合美国人的生活习惯）。主角Carl回到了家乡，此时是 20世纪90年代初。在《侠盗猎车手：圣安地列斯》中，城市从1个变成了3个，这样的转变让游戏场景变得更为庞大，加入了更多的任务内容，但依然保持着其自由的本性。《侠盗猎车手：圣安地列斯》的PS2平台版本成为了2004年中销量最多的游戏。\r\n　　游戏舞台由前作的佛罗里达移至加州，虚构的圣安德列斯市是由3个城市（Los Santos以洛杉矶为原型，San Fierro以旧金山为原型，Las Venturra以拉斯维加斯为原型）和绵延数里的高速公路、沙漠、山脉、河流和湖泊组成。圣安地列斯范围比以前的罪恶都市大上五六倍，在这里你可以找到各式风格不同的景观，事实上你将其称为一个微缩的世界亦不为过。'),(43,'侠盗猎车手：罪恶都市','/game/cover/7f6bc04a-e495-44b2-ab0a-3b7826257377_GTA_ViceCity.jpeg','War Drum Studios / Rockstar North','Rockstar Games',9,0,'2002-10-29','2022-03-03 19:33:22','2022-03-03 19:33:22',1,'一年之后的2003年5月，Rockstar North再次推出了《侠盗猎车手3》的续作《侠盗猎车手：罪恶都市》。游戏模式沿袭了《侠盗猎车手3》的模式。只是时间来到了1986年，地点换到了以迈阿密为原型的，阳光明媚的罪恶都市；这一作在《侠盗猎车手》的基础上增加了新的任务，加入了摩托车、直升飞机、高尔夫场地车等新的交通工具。至今为止，《侠盗猎车手3》与《侠盗猎车手：罪恶都市》仅PS2平台就售出1700多万套，大获成功！\r\n　　《侠盗猎车手：罪恶都市》讲述的是来自上作自由之城的黑手党Forelli家族成员Tommy，替老大Sonny背了15年黑锅后，又被发配到罪恶都市进行发展的故事，在故事后期，Tommy杀死了Sonny并独自控制了罪恶都市。'),(44,'密特罗德：萨姆斯归来 / 银河战士：萨姆斯归来','/game/cover/1c47216e-1ed4-4a63-a685-f8d2ad4c3d4f_metroid_return_Samus.jpeg','Mercury Steam Entertainment S.L. / Nintendo','Nintendo',8,0,'2017-09-15','2022-03-03 19:55:40','2022-03-26 17:02:32',1,'《银河战士：萨姆斯归来》是由银河战士系列创始人坂本贺勇担任监督，水银蒸汽制作的系列新作，是GB平台上的《银河战士2：萨姆斯回归（Metroid II: Return of Samus）》的重制版。 [1] \r\n《银河战士：萨姆斯归来》将在2017年9月15日发售。 [2]  会推出普通版外，任天堂还准备了限量版游戏。限量版游戏包括特殊游戏包装盒和原声CD，该原声CD包含系列25首配乐。任天堂还在官方商城里单独上架只有周边没有游戏本体的特别收藏版。'),(45,'热血新纪录','/game/cover/2f9574ca-7f7a-49b6-b123-47ff2d09c6e9_HarukanaruKinMedal.jpeg','Technos Japan Corp.','Technos Japan Corp. / Arc System Works Co., Ltd.',9,0,'1992-06-26','2022-03-03 19:58:50','2022-03-03 19:59:05',9,'運動会を通して他の学校を叩き潰してしまおうという藤堂護の計画は、くにおをはじめとする参加した生徒達の人並み外れたパワーを計算に入れていなかったため失敗に終わった。悔しくはなかったが失敗するのが嫌いな護は、次こそ成功するために計画を練り直した。しかし、この計画を実行するには護の貯金以上の資金が必要だった。そこで藤堂グループ会長である父·晃之助に泣き落とし作戦をしかけ、アスレチック大会開催にこぎつけるのだった。\r\n\r\n五项比赛：400米跨栏、高空撑杆跳、链球、游泳、柔道'),(46,'纪念碑谷','/game/cover/f3a99caf-8d9a-49e9-97bb-87e1d30f25e2_MonumentValley.jpeg','USTWO','USTWO',9,0,'2014-04-03','2022-03-03 20:02:10','2022-03-03 20:03:08',10,'一部精致优雅到不忍心玩儿第二遍的益智解谜游戏。在埃舍尔的矛盾空间里玩耍，在莫比乌斯环的曲面上行走，在无限回廊里游荡。干净奇异的建筑和旅程背后，又隐藏着一个公主寻求宽恕，沉重而又悲痛的故事。还有谢谢你的图腾朋友，被遗忘的海岸里能使你复活实在太好了。'),(47,'最终幻想7：核心危机 Crisis Core: Final Fantasy VII','/game/cover/f864a8d9-6bf2-4496-adea-f051fa0b42f0_crisisCore-FinalFantasyVII.jpg','Square Visual Works / Square Enix','Square Enix',9,0,'2007-09-13','2022-03-26 16:16:57','2022-03-26 16:16:57',2,'此作是一款发布在psp平台的动作类RPG作品。本作游戏以《最终幻想7》为中心舞台，故事则围绕战士“扎克斯（Zack）”展开。讲述了“扎克斯（Zack）”与其身边人的故事，其中还有全新的角色加入。当然在《最终幻想7》中大家熟知的角色“克劳德（Cloud）”以及“萨菲罗斯（Sephiroth ）”和“艾瑞丝（Aeris）”都会出现在本作中。'),(48,'黄金太阳：开启的封印','/game/cover/2cfea82d-a000-4d8d-9f90-dd2c4baf66af_GoldenSun.jpg','Camelot Software Planning','Nintendo',9,0,'2001-08-01','2022-03-26 16:22:18','2022-03-26 16:22:18',2,'《黄金太阳 开启的封印》是奇幻电子角色扮演游戏黄金太阳系列的首部作品。和发行于翌年的续作《黄金太阳 失落的时代》一样，两作都运行于Game Boy Advance平台。本作全球销量超100万份。第三作《黄金太阳 漆黑的黎明》发售于2010年，讲述前两作主角子辈的故事。\r\n在游戏故事中，年轻的炼金术士意外解开了炼金术的封印，而后他们得知炼金术的尘封是为了保护世界，为阻止炼金术彻底回归维亚德世界，他们踏上了旅途。在旅行的路上中，炼金术士们学会了新的技能（即“精神力”），并帮助着他人，同时他们也了解了炼金术被封印的原因。在续作《失落的时代》中，游戏将以本作反派的视角看待世界。'),(49,'黑暗之魂3：薪火消逝版 Dark Souls III: The Fire Fades Edition','/game/cover/cd0cff5c-9cd2-4829-88b6-09346a1a8bda_DarkSoulsIII.jpg','FromSoftware, Inc.','Bandai Namco Entertainment',9,0,'2017-04-21','2022-03-26 16:27:18','2022-03-26 16:27:18',2,'《黑暗之魂3》是由FromSoftware公司开发的一款动作角色扮演类游戏，是《黑暗之魂》系列的游戏之一，先于2016年3月24日在日本地区全平台发行，随后于2016年4月12日在全球范围内发行。\r\n后续DLC艾雷德尔之烬和环印城分别于2016年10月25日和2017年3月28日全平台同步发布。\r\n游戏的主要舞台为洛斯里克王国。在那里，玩家肩负着阻止末世来临的使命，而末世则是由于火之纪元和那些前代黑暗印记持有者之间的冲突所引发的。为了应对这一事态，玩家需要去面对薪王——那些曾经传过火的英雄。无论结局如何，世界始终会在光与暗之间轮转。'),(50,'巫师3：狂猎 The Witcher 3: Wild Hunt','/game/cover/9879758f-10fa-4826-a7cb-fb77a84a0d2b_Witcher3.jpg','CD Projekt RED Sp. z o.o.','CD Projekt Sp. z o.o. / Bandai Namco Entertainment',9,0,'2015-05-19','2022-03-26 16:31:02','2022-03-26 16:31:02',2,'《巫师3：狂猎》将是三部曲系列的最后一作，故事将有宏大的最后结局，但并非《巫师》系列的最终作。本作采用最新的REDengine3引擎制作，玩家可以在无缝的世界里任意探索，采用非线性剧情的设定，整体规模是前作的30倍。'),(51,'仙剑奇侠传98柔情篇','/game/cover/c94b55fe-7951-4317-ad53-7df670ef9bcc_Legend of Sword.jpg','Softstar Entertainment Inc.','Softstar Entertainment Inc.',9,0,'1997-10-01','2022-03-26 16:35:22','2022-03-26 16:35:22',2,'仙剑98柔情篇首发于1997年10月。\r\n\r\n随Windows 95问世，大宇也将游戏从DOS平台移植到Windows平台上，于97年推出Win95版（即大陆发行的98柔情篇）。DOS版与WIN95版之间有以下差异：\r\n\r\n1 修改若干场景（如：比武招亲时95版观众增加）\r\n2 新增片头片尾及若干场景动画\r\n3 部份迷宫简化（如：隐龙窟、将军冢、血池等等）\r\n4 修改文字（如：荷花池观音像上的文字，DOS版为“苦海无涯，回头是岸”，WIN95版则将涯改成边）\r\n5 加入物品说明\r\n6 降低学会法术的等级与敌方生命值\r\n7 新增物品：夜行衣、魅影神靴\r\n8 新增四首CD配乐：梦中大侠、拜月欺天、君莫悲、再续未了缘'),(52,'拳皇98','/game/cover/701fd92a-7be0-4b50-b63b-6fcfc720fa55_The King of Fighters 98.jpg','SNK Playmore','SNK Playmore',9,0,'1998-07-23','2022-03-26 16:45:54','2022-03-26 16:45:54',3,'《拳皇\'98》是是由日本SNK于1998年开发的格斗游戏，于1998年7月23日发行。该作是《拳皇97》的续作，也是拳皇系列的第五作。\r\n《拳皇\'98》是无剧情总集篇作品，系统上是前作《拳皇97》的加强版，聚集了《大蛇篇》历代登场角色，该作整体稳定度与平衡性为全系列作中最高水平的作品，在各地区间人气依旧高居不下位于系列的最高榜首'),(53,'侍魂4：天草降临','/game/cover/4407b9ab-4542-4284-95e5-8e946ec65ae8_Samurai Shodown 4.jpg','SNK Playmore','SNK Playmore',9,0,'1996-12-27','2022-03-26 16:47:38','2022-03-26 16:47:38',3,'侍魂4：天草降临（英语：Samurai Shodown IV: Amakusa’s Revenge，日语：サムライスピリッツ天草降临）是SNK公司于1996年10月推出的冷兵器格斗游戏，也是SNK公司的招牌格斗游戏《侍魂》系列的第四弹。侍魂4延续了侍魂3：斩红郎无双剑的剑质划分、等级选择等特点，新增了自杀与弃剑、断末奥义等设定，使侍魂4增添更多的可玩性。'),(54,'激龟快打','/game/cover/777bbf83-f500-41dd-af76-44b84442694a_忍者神龟4.jpg','Konami Corporation','Konami Corporation',9,0,'1993-12-03','2022-03-26 16:49:30','2022-03-26 16:49:30',3,'《激龟快打》是日本游戏制造商KONAMI公司制作的一款动作格斗游戏，是《忍者神龟》系列游戏的第四部。这是一款完全不同于之前风格的忍者神龟类游戏，抛开了以往的闯关打BOSS模式，改成了街头霸王式的格斗游戏，深受玩家喜爱，是fc格斗游戏中的经典。'),(55,'卡普空对SNK 2：百万格斗2001','/game/cover/559cd380-1bc7-48ff-87ef-a87dc584f8f3_CVS2.jpg','Capcom / Capcom Production Studio 1','Capcom',9,0,'2001-08-31','2022-03-26 16:53:37','2022-03-26 16:53:37',3,'CVS》系列的第2作，也是CAPCOM众多格斗游戏中最受欢迎的一部，堪称极品，出色的系统设定，精美的画面特效，并且网罗了SNK和CAPCOM旗下最具人气魅力的明星阵容，大气非凡；此作是CAPCOM在NAOMI基版上推出的CVS系列第二作，游戏的背景非常漂亮，都是3D构建的，而且必杀的光效效果也是用的3D光效'),(56,'不义联盟2','/game/cover/03952f72-5527-4d28-8496-a13fa95b70c4_Injustice 2.jpg','NetherRealm Studios','WB Games',9,0,'2017-05-16','2022-03-26 16:55:06','2022-03-26 16:55:06',3,'全新的格斗游戏《不义联盟2》将带来DC宇宙中大量的超级英雄与超级反派阵容，并让玩家可以对自己喜爱的角色进行定制，打造独一无二的终极DC角色。'),(57,'恶魔战士-救世主','/game/cover/59e0427b-2064-4842-a9f5-7546d68fee56_Vampire Savior.jpg','Capcom','Capcom',9,0,'1997-05-19','2022-03-26 16:56:18','2022-03-26 16:56:18',3,'英文名（Vampire Savior - The Lord of Vampire），1997年推出的恶魔战士的第三部作品,相对于前两作来说,本作的画面,音乐以及人物的动作流畅度有很大的提升.游戏共有15名充满个性的人物登场,其中不乏全新的角色.如以童话人物为原型的\'\"小红帽\"给玩家留下了深刻的印象,一个看似天真无邪的小女孩竟然是手持冲锋枪扫射,而且不时流露出邪恶的目光...本作新加入的系统是暗黑力量,使用方法是按下同等强度的拳脚键,消耗一条能量.在暗黑力量发动中再次输入同等强度的拳脚键可以将其效果强制解除.同年还推出了《吸血鬼猎人2-恶魔的复仇》和《吸血鬼救世主2-吸血鬼之王》两部作品，都只是更换了几个角色的版本,严格来说用的全是95年作品的角色,大致系统和本作相同。'),(58,'热血格斗传说','/game/cover/fc254e85-d778-4f8a-b193-81fb1fd4a79d_Nekketsu Kakutou Densetsu.jpg','Technos Japan Corp.','Technos Japan Corp.',10,0,'1992-12-23','2022-03-26 16:58:09','2022-03-26 16:58:09',3,'《热血格斗》发生在学校的更衣室，主人公国夫君收到了一封格斗比赛的邀请涵。对于这种事情，他当然不能错过，于是他马上就准备出发了。这时另一个主角力出场了，而只顾准备参加格斗比赛的国夫却对他视而不见。力来找他是因为力也收到了同样的邀请涵，看到国夫也收到了邀请涵，所以力认为国夫会去参加这个大会，于是他也去参加大会，是一款优秀的格斗类游戏。'),(59,'文明5','/game/cover/eed21836-b6fe-4e14-8359-2bd88f24e783_Sid Meier\'s Civilization V.jpg','Aspyr Media, Inc. / Firaxis Games','2K Games',9,0,'2010-09-21','2022-03-26 17:01:04','2022-03-26 17:01:04',8,'《文明5》应用全新游戏引擎，导入六角格机制，采用了崭新的战斗系统、深度的外交互动、以及各种游戏功能，将令玩家获得丰富的游戏体验。');
/*!40000 ALTER TABLE `t_game` ENABLE KEYS */;

--
-- Table structure for table `t_game_comment`
--

DROP TABLE IF EXISTS `t_game_comment`;
/*!40101 SET @saved_cs_client     = @@character_set_client */;
/*!40101 SET character_set_client = utf8 */;
CREATE TABLE `t_game_comment` (
  `game_comment_id` int(11) NOT NULL AUTO_INCREMENT COMMENT '主键',
  `game_id` int(11) NOT NULL COMMENT '外键关联游戏表主键',
  `user_id` int(11) NOT NULL COMMENT '外键关联用户表主键',
  `comment_content` varchar(255) DEFAULT NULL COMMENT '游戏评论内容',
  `is_deleted` tinyint(1) DEFAULT NULL COMMENT '逻辑删除，1:删除，0:保留',
  `gmt_create` datetime DEFAULT NULL COMMENT '创建时间（游戏评论发表时间）',
  `gmt_modified` datetime DEFAULT NULL COMMENT '修改时间(评论修改时间)',
  PRIMARY KEY (`game_comment_id`),
  KEY `t_game_comment_t_game_g_id_fk` (`game_id`),
  KEY `t_game_comment_t_user_u_id_fk` (`user_id`),
  CONSTRAINT `t_game_comment_t_game_g_id_fk` FOREIGN KEY (`game_id`) REFERENCES `t_game` (`g_id`),
  CONSTRAINT `t_game_comment_t_user_u_id_fk` FOREIGN KEY (`user_id`) REFERENCES `t_user` (`u_id`)
) ENGINE=InnoDB AUTO_INCREMENT=25 DEFAULT CHARSET=utf8 COMMENT='游戏评论表';
/*!40101 SET character_set_client = @saved_cs_client */;

--
-- Dumping data for table `t_game_comment`
--

/*!40000 ALTER TABLE `t_game_comment` DISABLE KEYS */;
INSERT INTO `t_game_comment` (`game_comment_id`, `game_id`, `user_id`, `comment_content`, `is_deleted`, `gmt_create`, `gmt_modified`) VALUES (1,44,1,'这是一个好游戏',0,'2022-03-23 14:53:57','2022-03-24 14:42:07'),(2,44,1,'好游戏，尽在知行成游戏网。。。',0,'2022-03-23 14:53:56','2022-03-24 14:42:34'),(3,44,2,'知行成游戏网是一个好网站',0,'2022-03-23 14:53:59','2022-03-24 14:42:07'),(8,44,21,'知行成游戏',0,'2022-03-23 20:22:08','2022-03-24 14:42:07'),(9,44,21,'知行成游戏，《银河战士：萨姆斯归来》是由银河战士系列创始人坂本贺勇担任监督',0,'2022-03-23 20:22:42','2022-03-24 14:42:07'),(10,44,21,'重制版。 [1] 《银河战士：萨姆斯归来》将在201',0,'2022-03-23 20:23:16','2022-03-24 12:39:54'),(11,44,21,'7年9月15日发售。 [2] 会推出普通版外，任天堂还准',0,'2022-03-23 20:23:22','2022-03-24 12:39:54'),(12,44,21,'好游戏',0,'2022-03-23 20:24:55','2022-03-24 12:39:54'),(13,44,21,'值得一玩',0,'2022-03-23 20:25:20','2022-03-24 12:39:54'),(14,44,21,'由银河战士系列创始人坂本贺勇担任监督，水银蒸汽制作的系列新作',0,'2022-03-23 20:26:43','2022-03-24 12:39:54'),(15,44,21,'版游戏包括特殊游戏包装盒和原声CD，该原声CD包含系列25首配乐。将在2017年9月15日发售。 [2] 会推出普通版外，任天堂还准备了限量版游戏。限量版游戏包括特殊游戏包装盒和原声CD，该原声CD包含系列25首配乐。任天堂还在官方商城里单独上架只有周边没有游戏本体的特别收藏版。将在2017年9月15日发售。 [2] 会推出普通版外，任天堂还准备了限量版游戏。限量版游戏包括特殊游戏包装盒和原声CD',0,'2022-03-23 20:28:51','2022-03-24 12:39:57'),(16,44,21,'由银河战士系列创始人坂本贺勇担任监督，水银蒸汽制作的系列新作，是GB平台上的《银河战士2：萨姆斯回归（Metroid II: Return of Samus）》的重制版。 [1] 《银河战士：萨姆斯归来》将在2017年9月15',0,'2022-03-23 20:30:38','2022-03-23 20:30:38'),(17,43,21,'GTA系列游戏一直都是挺不错的。',0,'2022-03-23 20:40:14','2022-03-23 20:40:14'),(18,25,2,'银河战士-零点人物是一款非常不错的动作类游戏。',0,'2022-03-23 22:22:58','2022-03-23 22:22:58'),(19,44,1,'虽然寡人为吴国主公，但是这款游戏依然深深地吸引了我。',0,'2022-03-24 16:42:11','2022-03-24 16:42:11'),(20,44,2,'吾以汉室之名，借这款游戏建立蜀国，与魏国、吴国三足鼎立。',0,'2022-03-24 16:44:08','2022-03-24 16:44:08'),(21,44,3,'蜀国和吴国联姻，我不幸的成为了政治工具，借此游戏消愁。',0,'2022-03-24 16:45:21','2022-03-24 16:45:21'),(22,44,11,'长坂坡救完少主阿斗，闲暇之余，玩玩游戏。',0,'2022-03-24 16:46:47','2022-03-24 16:46:47'),(23,24,9,'这款游戏的背景音乐有点恐怖....',0,'2022-03-26 19:35:44','2022-03-26 19:35:44'),(24,24,1,'好游戏尽在知行成游戏网',0,'2022-04-05 22:52:35','2022-04-05 22:52:35');
/*!40000 ALTER TABLE `t_game_comment` ENABLE KEYS */;

--
-- Table structure for table `t_game_video`
--

DROP TABLE IF EXISTS `t_game_video`;
/*!40101 SET @saved_cs_client     = @@character_set_client */;
/*!40101 SET character_set_client = utf8 */;
CREATE TABLE `t_game_video` (
  `v_id` int(11) NOT NULL AUTO_INCREMENT COMMENT '主键',
  `size` bigint(20) DEFAULT NULL COMMENT '视频文件大小Mb',
  `url` varchar(255) DEFAULT NULL COMMENT '视频下载链接',
  `game_id` int(11) DEFAULT NULL COMMENT '外键关联游戏表主键',
  PRIMARY KEY (`v_id`),
  KEY `t_game_video_t_game_g_id_fk` (`game_id`),
  CONSTRAINT `t_game_video_t_game_g_id_fk` FOREIGN KEY (`game_id`) REFERENCES `t_game` (`g_id`)
) ENGINE=InnoDB AUTO_INCREMENT=5 DEFAULT CHARSET=utf8 COMMENT='游戏预览视频表';
/*!40101 SET character_set_client = @saved_cs_client */;

--
-- Dumping data for table `t_game_video`
--

/*!40000 ALTER TABLE `t_game_video` DISABLE KEYS */;
INSERT INTO `t_game_video` (`v_id`, `size`, `url`, `game_id`) VALUES (3,8,'/gameVideo/851e9d28-ea93-42a6-b2d4-598c4ec74ec6_银河战士-融合.mp4',24),(4,57,'/gameVideo/0396e719-6943-42c3-b70c-6e81836dac3d_战神_斯巴达幽灵.mp4',1);
/*!40000 ALTER TABLE `t_game_video` ENABLE KEYS */;

--
-- Table structure for table `t_genres`
--

DROP TABLE IF EXISTS `t_genres`;
/*!40101 SET @saved_cs_client     = @@character_set_client */;
/*!40101 SET character_set_client = utf8 */;
CREATE TABLE `t_genres` (
  `gg_id` int(11) NOT NULL AUTO_INCREMENT,
  `gg_name` varchar(20) DEFAULT NULL COMMENT '游戏类型名称，如动作类，角色扮演类',
  `gmt_create` datetime DEFAULT NULL COMMENT '创建时间',
  `gmt_modified` datetime DEFAULT NULL COMMENT '修改时间',
  PRIMARY KEY (`gg_id`)
) ENGINE=InnoDB AUTO_INCREMENT=11 DEFAULT CHARSET=utf8 COMMENT='游戏类型表';
/*!40101 SET character_set_client = @saved_cs_client */;

--
-- Dumping data for table `t_genres`
--

/*!40000 ALTER TABLE `t_genres` DISABLE KEYS */;
INSERT INTO `t_genres` (`gg_id`, `gg_name`, `gmt_create`, `gmt_modified`) VALUES (1,'动作类','2021-11-04 11:25:06','2021-11-04 11:25:08'),(2,'角色扮演类','2021-11-04 11:25:19','2021-11-04 11:25:20'),(3,'格斗类','2021-11-04 11:25:40','2021-11-04 11:25:41'),(4,'横版闯关','2021-11-04 11:25:51','2021-11-04 11:25:53'),(5,'平台跳跃类','2021-11-04 11:26:10','2021-11-04 11:26:11'),(6,'横版射击类','2021-11-07 02:25:09','2021-11-07 02:25:10'),(7,'飞行射击类','2021-11-07 02:25:32','2021-11-07 02:25:33'),(8,'策略类','2022-03-01 21:10:44','2022-03-01 21:10:46'),(9,'体育运动类','2022-03-01 21:11:07','2022-03-01 21:11:09'),(10,'休闲类','2022-03-01 21:11:24','2022-03-01 21:11:26');
/*!40000 ALTER TABLE `t_genres` ENABLE KEYS */;

--
-- Table structure for table `t_role`
--

DROP TABLE IF EXISTS `t_role`;
/*!40101 SET @saved_cs_client     = @@character_set_client */;
/*!40101 SET character_set_client = utf8 */;
CREATE TABLE `t_role` (
  `r_id` int(11) NOT NULL AUTO_INCREMENT,
  `role_name` varchar(20) DEFAULT NULL COMMENT '角色名称',
  PRIMARY KEY (`r_id`)
) ENGINE=InnoDB AUTO_INCREMENT=5 DEFAULT CHARSET=utf8 COMMENT='角色权限表';
/*!40101 SET character_set_client = @saved_cs_client */;

--
-- Dumping data for table `t_role`
--

/*!40000 ALTER TABLE `t_role` DISABLE KEYS */;
INSERT INTO `t_role` (`r_id`, `role_name`) VALUES (1,'系统管理员'),(2,'游戏管理员'),(3,'测评文章管理员'),(4,'普通用户');
/*!40000 ALTER TABLE `t_role` ENABLE KEYS */;

--
-- Table structure for table `t_user`
--

DROP TABLE IF EXISTS `t_user`;
/*!40101 SET @saved_cs_client     = @@character_set_client */;
/*!40101 SET character_set_client = utf8 */;
CREATE TABLE `t_user` (
  `u_id` int(11) NOT NULL AUTO_INCREMENT,
  `username` varchar(20) DEFAULT NULL COMMENT '用户名',
  `password` varchar(255) DEFAULT NULL COMMENT '密码',
  `sex` varchar(2) DEFAULT NULL COMMENT '性别，0：女 1：男 2：未知',
  `age` int(11) DEFAULT NULL COMMENT '年龄',
  `is_deleted` int(1) DEFAULT NULL COMMENT '逻辑删除，1：删除，0：保留',
  `gmt_create` datetime DEFAULT NULL COMMENT '创建时间',
  `gmt_modified` datetime DEFAULT NULL COMMENT '修改时间',
  `role_id` int(11) DEFAULT NULL COMMENT '外键关联角色权限表的主键',
  `avatar` varchar(255) DEFAULT NULL COMMENT '头像',
  PRIMARY KEY (`u_id`),
  KEY `fk_user_role` (`role_id`),
  CONSTRAINT `fk_user_role` FOREIGN KEY (`role_id`) REFERENCES `t_role` (`r_id`)
) ENGINE=InnoDB AUTO_INCREMENT=50 DEFAULT CHARSET=utf8 COMMENT='用户表';
/*!40101 SET character_set_client = @saved_cs_client */;

--
-- Dumping data for table `t_user`
--

/*!40000 ALTER TABLE `t_user` DISABLE KEYS */;
INSERT INTO `t_user` (`u_id`, `username`, `password`, `sex`, `age`, `is_deleted`, `gmt_create`, `gmt_modified`, `role_id`, `avatar`) VALUES (1,'孙权','81dc9bdb52d04dc20036dbd8313ed055','男',12,0,'2021-11-03 10:17:15','2022-03-15 10:53:49',1,'/user/avatar/b2e29c24-d81d-4227-bb1a-5c4383badcfa_sq.png'),(2,'刘备','81dc9bdb52d04dc20036dbd8313ed055','男',11,0,'2021-11-03 10:17:40','2022-03-15 10:52:46',1,'/user/avatar/981bb105-e6f8-409d-89eb-5ea603bf7860_lb.jpeg'),(3,'孙尚香','81dc9bdb52d04dc20036dbd8313ed055','女',10,0,'2021-11-03 10:18:09','2022-03-13 15:16:47',2,'/user/avatar/e9b79da7-2f05-4b16-b6ec-584c6cd61566_sunshangxiang.png'),(4,'关羽','81dc9bdb52d04dc20036dbd8313ed055','男',13,0,'2021-11-03 10:18:43','2022-03-24 16:29:08',3,'/user/avatar/ebed3db0-665e-4286-a475-2d403a802368_guanyu.png'),(5,'大乔','81dc9bdb52d04dc20036dbd8313ed055','女',11,0,'2021-11-04 09:47:46','2022-03-13 15:27:10',3,'/user/avatar/b11961bd-9b9f-42e6-ba1b-bbb8b5ce2588_daqiao.png'),(6,'曹操','81dc9bdb52d04dc20036dbd8313ed055','男',14,0,'2021-11-05 10:09:46','2022-03-24 17:10:35',1,'/user/avatar/0ee2f982-bd1e-471c-9a14-3f23f4439905_曹操.png'),(7,'小乔','81dc9bdb52d04dc20036dbd8313ed055','女',10,0,'2021-11-05 16:33:50','2022-03-13 15:36:58',2,'/user/avatar/3ad3a205-67bc-482f-8180-fc65fe68a641_小乔.png'),(8,'张飞','81dc9bdb52d04dc20036dbd8313ed055','男',13,0,'2021-11-10 16:28:44','2022-03-13 15:22:32',3,'/user/avatar/6164e9f6-94d2-4244-81a9-dcb6c8764088_zhangfei.png'),(9,'黄月英','81dc9bdb52d04dc20036dbd8313ed055','女',9,0,'2021-11-12 20:08:49','2022-03-24 17:23:42',1,'/user/avatar/586c6b80-ea4b-4513-b6e6-eed82945273b_hyy.png'),(10,'诸葛亮','81dc9bdb52d04dc20036dbd8313ed055','男',9,0,'2021-11-12 21:16:19','2022-03-24 17:11:35',1,'/user/avatar/ac11a4e0-21f9-4b60-aa4e-acd4acc570b5_诸葛亮.png'),(11,'赵云','81dc9bdb52d04dc20036dbd8313ed055','男',8,0,'2021-11-12 21:17:16','2022-03-13 15:33:46',3,'/user/avatar/06fb7f29-cbba-4cba-9b4c-3ee3223f2d5c_赵云.png'),(12,'司马懿','81dc9bdb52d04dc20036dbd8313ed055','男',10,0,'2021-11-12 21:18:49','2022-03-24 17:12:04',1,'/user/avatar/4863b749-07cc-4da4-b507-33af57cbe669_司马懿.png'),(13,'周瑜','81dc9bdb52d04dc20036dbd8313ed055','男',7,0,'2021-11-12 21:20:59','2022-03-13 15:22:47',2,'/user/avatar/38b70403-6059-43cb-8b65-f79f7af112e0_zhouyu.png'),(14,'黄盖','81dc9bdb52d04dc20036dbd8313ed055','男',16,0,'2021-11-13 10:14:16','2022-03-13 15:06:00',2,'/user/avatar/774742a7-fe4b-4121-8b8d-a8549cb4a737_huanggai.png'),(20,'1','81dc9bdb52d04dc20036dbd8313ed055','男',18,1,'2022-02-25 23:26:08','2022-03-03 21:34:55',4,'img/avatar/default.jpeg'),(21,'0','81dc9bdb52d04dc20036dbd8313ed055','男',198,0,'2022-02-25 23:26:50','2022-03-22 19:56:21',1,'/user/avatar/285194f7-4f88-47c1-a487-9e3b081c9f44_dog.jpg'),(22,'5','81dc9bdb52d04dc20036dbd8313ed055',NULL,NULL,0,'2022-02-26 09:00:25','2022-03-02 14:51:18',4,'/user/avatar/036b8c2a-d366-4423-b7c8-94fbd24ce51a_user1-128x128.jpg'),(24,'朝花夕拾','81dc9bdb52d04dc20036dbd8313ed055',NULL,80,0,'2022-03-01 11:02:42','2022-03-03 16:49:03',1,'/user/avatar/7ab587a2-3817-4970-b28e-43b0e84d8a3e_luxun.jpeg'),(25,'鲁迅','81dc9bdb52d04dc20036dbd8313ed055','男',35,0,'2022-03-01 15:38:58','2022-03-03 21:35:10',1,'/user/avatar/7ab587a2-3817-4970-b28e-43b0e84d8a3e_luxun.jpeg'),(26,'春江花月夜','81dc9bdb52d04dc20036dbd8313ed055','男',18,0,'2022-03-01 15:54:56','2022-03-03 21:34:33',3,'/user/avatar/0e7941e4-cb66-44c4-a9e3-58c678962d45_OIP-C.jpeg'),(27,'鲁肃','81dc9bdb52d04dc20036dbd8313ed055','男',14,0,'2022-03-01 16:26:02','2022-03-03 21:34:22',2,'/user/avatar/caf3fc57-c898-4714-aa49-8761c611b737_lusu.jpeg'),(28,'admin','81dc9bdb52d04dc20036dbd8313ed055','男',1,0,'2022-03-01 22:57:41','2022-03-03 21:35:23',1,'/user/avatar/87ebd6f5-b54d-4c4a-9a18-c9b5f834eaeb_avatar04.png'),(29,'人中吕布','81dc9bdb52d04dc20036dbd8313ed055','男',NULL,0,'2022-03-03 19:22:47','2022-03-03 19:25:26',1,'/user/avatar/b56ba4b1-6a75-43a5-8d2a-51ac9caf5f5b_lvbu.jpeg'),(30,'吕蒙','81dc9bdb52d04dc20036dbd8313ed055','男',18,0,'2022-03-03 19:26:31','2022-03-13 15:44:06',4,'/user/avatar/606b45f4-1583-42bc-8941-db37c4f51336_lvmeng.jpeg'),(31,'郭嘉','81dc9bdb52d04dc20036dbd8313ed055',NULL,NULL,0,'2022-03-03 21:13:30','2022-03-03 21:13:30',4,'/user/avatar/8977dcdb-d808-485b-8caf-87046198a937_guojia.png'),(32,'王异','81dc9bdb52d04dc20036dbd8313ed055','女',11,0,'2022-03-13 15:42:49','2022-03-13 15:43:39',2,'/user/avatar/dadf9ff1-5574-4b8b-bc44-ad24180f0939_王异.png'),(33,'蔡文姬','81dc9bdb52d04dc20036dbd8313ed055','女',12,0,'2022-03-13 15:47:41','2022-03-13 22:52:19',1,'/user/avatar/a4b5dd72-cdd0-4ecb-a2f1-886710501517_蔡文姬.png'),(34,'曹植','81dc9bdb52d04dc20036dbd8313ed055','男',13,0,'2022-03-13 15:49:15','2022-03-13 15:49:15',3,'/user/avatar/e0db08ce-c34f-42aa-b5f1-645e15c5a4a3_曹植.png'),(35,'郭皇后','81dc9bdb52d04dc20036dbd8313ed055','女',14,0,'2022-03-13 22:53:42','2022-03-15 10:55:16',1,'/user/avatar/c77506b9-d397-463d-854a-e2db750a8885_郭皇后.png'),(36,'2','81dc9bdb52d04dc20036dbd8313ed055',NULL,NULL,1,'2022-03-15 11:41:14','2022-03-15 12:27:07',4,'img/avatar/default.jpeg'),(37,'3','81dc9bdb52d04dc20036dbd8313ed055','女',3,1,'2022-03-15 12:26:12','2022-03-15 12:26:12',4,'img/avatar/default.jpeg'),(38,'曹仁','81dc9bdb52d04dc20036dbd8313ed055','男',14,0,'2022-03-24 17:13:40','2022-03-24 17:13:40',2,'/user/avatar/a62b0fbd-3078-4c49-ae67-85d352ce7437_曹仁.jpeg'),(39,'曹冲','81dc9bdb52d04dc20036dbd8313ed055','男',4,0,'2022-03-24 17:15:57','2022-03-24 17:15:57',3,'/user/avatar/68da9660-7283-48cf-b82c-ebc15f7a2229_曹冲.png'),(40,'貂蝉','81dc9bdb52d04dc20036dbd8313ed055','女',8,0,'2022-03-24 17:19:54','2022-03-24 18:04:29',1,'/user/avatar/3e08c063-155f-4add-84f5-c900d3590170_貂蝉.png'),(41,'董白','81dc9bdb52d04dc20036dbd8313ed055','女',8,0,'2022-03-24 17:23:11','2022-03-24 17:23:11',2,'/user/avatar/cfe0c412-efd2-45df-8780-5244b9d742c1_董白.png'),(42,'伏皇后','81dc9bdb52d04dc20036dbd8313ed055','女',15,0,'2022-03-24 18:05:03','2022-03-24 18:09:01',1,'/user/avatar/d7b48650-e67b-47a1-a932-35cb0335281e_伏皇后.png'),(43,'孙鲁班','81dc9bdb52d04dc20036dbd8313ed055','女',8,0,'2022-03-24 18:05:52','2022-03-24 18:06:01',1,'/user/avatar/f48290a3-57e0-4a1e-8f9a-f1c69e6fa860_孙鲁班.png'),(44,'孙鲁育','81dc9bdb52d04dc20036dbd8313ed055','女',8,0,'2022-03-24 18:06:37','2022-03-24 18:06:37',1,'/user/avatar/1da71355-e9b8-4e7c-bba3-e3ea0e682623_孙露育.png'),(45,'夏侯氏','81dc9bdb52d04dc20036dbd8313ed055','女',11,0,'2022-03-24 18:07:47','2022-03-24 18:08:47',1,'/user/avatar/5ab1bc86-6abf-4151-961f-808e1178d5d1_夏侯氏.png'),(46,'张星彩','81dc9bdb52d04dc20036dbd8313ed055','女',10,0,'2022-03-24 18:08:22','2022-03-24 18:08:40',1,'/user/avatar/5d06cf58-1ad8-472c-ad5d-b76a4e285276_张星彩.png'),(47,'苏轼','81dc9bdb52d04dc20036dbd8313ed055',NULL,NULL,1,'2022-03-26 10:30:35','2022-03-26 10:30:35',4,'img/avatar/default.jpeg'),(48,'4','81dc9bdb52d04dc20036dbd8313ed055',NULL,NULL,0,'2022-03-26 18:18:50','2022-03-26 18:18:50',4,'img/avatar/default.jpeg'),(49,'韩愈','81dc9bdb52d04dc20036dbd8313ed055',NULL,NULL,0,'2022-04-05 09:31:43','2022-04-05 09:31:43',4,'img/avatar/default.jpeg');
/*!40000 ALTER TABLE `t_user` ENABLE KEYS */;
/*!40103 SET TIME_ZONE=@OLD_TIME_ZONE */;

/*!40101 SET SQL_MODE=@OLD_SQL_MODE */;
/*!40014 SET FOREIGN_KEY_CHECKS=@OLD_FOREIGN_KEY_CHECKS */;
/*!40014 SET UNIQUE_CHECKS=@OLD_UNIQUE_CHECKS */;
/*!40101 SET CHARACTER_SET_CLIENT=@OLD_CHARACTER_SET_CLIENT */;
/*!40101 SET CHARACTER_SET_RESULTS=@OLD_CHARACTER_SET_RESULTS */;
/*!40101 SET COLLATION_CONNECTION=@OLD_COLLATION_CONNECTION */;
/*!40111 SET SQL_NOTES=@OLD_SQL_NOTES */;

-- Dump completed on 2022-04-06 23:04:48
